,AlfalfaHay165,AlfalfaHay170,AlfalfaHay171,AlfalfaHay174,AlfalfaHay184,AlfalfaHay191,AlfalfaHay192,AlfalfaHay199,AlfalfaHay210,AlfalfaHay211,AlfalfaHaylage171,AlfalfaHaylage192,AlfalfaHaylage199,Barley170,Barley171,Barley174,Barley184,Barley191,Barley192,Barley199,Canola192,CornGrain 171,CornGrain 192,CornSilage171,CornSilage199,GrassHay165,GrassHay170,GrassHay171,GrassHay174,GrassHay184,GrassHay191,GrassHay192,GrassHay196,GrassHay199,GrassHay210,GrassHay211,GrassHaylage171,GrassHaylage192,GrassHaylage199,Oats165,Oats170,Oats171,Oats184,Oats192,Oats199,Oats210,Potatoes171,SpringWheat165,SpringWheat170,SpringWheat171,SpringWheat174,SpringWheat192,SpringWheat210,WinterWheat165,WinterWheat170,WinterWheat171,WinterWheat192,WinterWheat210,POP PRICE,POPLAR0,TOTALAC,POPSHARE,POPPROF
1,13686.3685,25516.5333000198,33621.3617999999,8720.872,17603.7602,1332.13319999999,18784.8783,15038.5037,9158.91580000001,3341.33409999999,766.076599999999,726.0726,1223.12229999997,84655.8729553369,2266.22659999999,217.021699999999,988.098800000001,232.023199999999,10351.035,1223.1223,549.0549,950.095,209.0209,1135.1135,468.0468,3809.38090000001,6648.70274344036,6060.60599999999,8050.805,9270.927,799.079899999999,4098.4098,2370.23699999999,11600.1599,3559.3559,1251.1251,340.033999999999,501.0501,964.096399999998,202.020199999999,231.458406039193,703.070300000001,160.05750846229,498.0498,455.045500000001,89.0088999999999,2371.2371,190.019,89217.2527879859,8101.8101,886.088599999999,7510.751,673.0673,330.032999999999,25149.2969350081,2491.2491,7462.7462,576.0576,62,,459386.953136292,,
2,13686.3685,25516.5333000198,33621.3617999999,8720.872,17603.7602,1332.13319999999,18784.8783,15038.5037,9158.91580000001,3341.33409999999,766.076599999999,726.0726,1223.12229999997,84655.8729553369,2266.22659999999,217.021699999999,988.098800000001,232.023199999999,10351.035,1223.1223,549.0549,950.095,209.0209,1135.1135,468.0468,3809.38090000001,6648.70274344036,6060.60599999999,8050.805,9270.927,799.079899999999,4098.4098,2370.23699999999,11600.1599,3559.3559,1251.1251,340.033999999999,501.0501,964.096399999998,202.020199999999,231.458406039193,703.070300000001,160.05750846229,498.0498,455.045500000001,89.0088999999999,2371.2371,190.019,89217.2527879859,8101.8101,886.088599999999,7510.751,673.0673,330.032999999999,25149.2969350081,2491.2491,7462.7462,576.0576,62.1,,459386.953136292,,1
3,13686.3685,25516.5333000198,33621.3617999999,8720.872,17603.7602,1332.13319999999,18784.8783,15038.5037,9158.91580000001,3341.33409999999,766.076599999999,726.0726,1223.12229999997,84655.8729553369,2266.22659999999,217.021699999999,988.098800000001,232.023199999999,10351.035,1223.1223,549.0549,950.095,209.0209,1135.1135,468.0468,3809.38090000001,6648.70274344036,6060.60599999999,8050.805,9270.927,799.079899999999,4098.4098,2370.23699999999,11600.1599,3559.3559,1251.1251,340.033999999999,501.0501,964.096399999998,202.020199999999,231.458406039193,703.070300000001,160.05750846229,498.0498,455.045500000001,89.0088999999999,2371.2371,190.019,89217.2527879859,8101.8101,886.088599999999,7510.751,673.0673,330.032999999999,25149.2969350081,2491.2491,7462.7462,576.0576,62.2,,459386.953136292,,2
4,13686.3685,25516.5333000198,33621.3617999999,8720.872,17603.7602,1332.13319999999,18784.8783,15038.5037,9158.91580000001,3341.33409999999,766.076599999999,726.0726,1223.12229999997,84655.8729553369,2266.22659999999,217.021699999999,988.098800000001,232.023199999999,10351.035,1223.1223,549.0549,950.095,209.0209,1135.1135,468.0468,3809.38090000001,6648.70274344036,6060.60599999999,8050.805,9270.927,799.079899999999,4098.4098,2370.23699999999,11600.1599,3559.3559,1251.1251,340.033999999999,501.0501,964.096399999998,202.020199999999,231.458406039193,703.070300000001,160.05750846229,498.0498,455.045500000001,89.0088999999999,2371.2371,190.019,89217.2527879859,8101.8101,886.088599999999,7510.751,673.0673,330.032999999999,25149.2969350081,2491.2491,7462.7462,576.0576,62.3,,459386.953136292,,3
5,13686.3685,25516.5333000198,33621.3617999999,8720.872,17603.7602,1332.13319999999,18784.8783,15038.5037,9158.91580000001,3341.33409999999,766.076599999999,726.0726,1223.12229999997,84655.8729553369,2266.22659999999,217.021699999999,988.098800000001,232.023199999999,10351.035,1223.1223,549.0549,950.095,209.0209,1135.1135,468.0468,3809.38090000001,6648.70274344036,6060.60599999999,8050.805,9270.927,799.079899999999,4098.4098,2370.23699999999,11600.1599,3559.3559,1251.1251,340.033999999999,501.0501,964.096399999998,202.020199999999,231.458406039193,703.070300000001,160.05750846229,498.0498,455.045500000001,89.0088999999999,2371.2371,190.019,89217.2527879859,8101.8101,886.088599999999,7510.751,673.0673,330.032999999999,25149.2969350081,2491.2491,7462.7462,576.0576,62.4,,459386.953136292,,4
6,13686.3685,25516.5333000198,33621.3617999999,8720.872,17603.7602,1332.13319999999,18784.8783,15038.5037,9158.91580000001,3341.33409999999,766.076599999999,726.0726,1223.12229999997,84655.8729553369,2266.22659999999,217.021699999999,988.098800000001,232.023199999999,10351.035,1223.1223,549.0549,950.095,209.0209,1135.1135,468.0468,3809.38090000001,6648.70274344036,6060.60599999999,8050.805,9270.927,799.079899999999,4098.4098,2370.23699999999,11600.1599,3559.3559,1251.1251,340.033999999999,501.0501,964.096399999998,202.020199999999,231.458406039193,703.070300000001,160.05750846229,498.0498,455.045500000001,89.0088999999999,2371.2371,190.019,89217.2527879859,8101.8101,886.088599999999,7510.751,673.0673,330.032999999999,25149.2969350081,2491.2491,7462.7462,576.0576,62.5,,459386.953136292,,5.00000000000011
7,13686.3685,25516.5333000198,33621.3617999999,8720.872,17603.7602,1332.13319999999,18784.8783,15038.5037,9158.91580000001,3341.33409999999,766.076599999999,726.0726,1223.12229999997,84655.8729553369,2266.22659999999,217.021699999999,988.098800000001,232.023199999999,10351.035,1223.1223,549.0549,950.095,209.0209,1135.1135,468.0468,3809.38090000001,6648.70274344036,6060.60599999999,8050.805,9270.927,799.079899999999,4098.4098,2370.23699999999,11600.1599,3559.3559,1251.1251,340.033999999999,501.0501,964.096399999998,202.020199999999,231.458406039193,703.070300000001,160.05750846229,498.0498,455.045500000001,89.0088999999999,2371.2371,190.019,89217.2527879859,8101.8101,886.088599999999,7510.751,673.0673,330.032999999999,25149.2969350081,2491.2491,7462.7462,576.0576,62.6,,459386.953136292,,6.00000000000011
8,13686.3685,25516.5333000198,33621.3617999999,8720.872,17603.7602,1332.13319999999,18784.8783,15038.5037,9158.91580000001,3341.33409999999,766.076599999999,726.0726,1223.12229999997,84655.8729553369,2266.22659999999,217.021699999999,988.098800000001,232.023199999999,10351.035,1223.1223,549.0549,950.095,209.0209,1135.1135,468.0468,3809.38090000001,6648.70274344036,6060.60599999999,8050.805,9270.927,799.079899999999,4098.4098,2370.23699999999,11600.1599,3559.3559,1251.1251,340.033999999999,501.0501,964.096399999998,202.020199999999,231.458406039193,703.070300000001,160.05750846229,498.0498,455.045500000001,89.0088999999999,2371.2371,190.019,89217.2527879859,8101.8101,886.088599999999,7510.751,673.0673,330.032999999999,25149.2969350081,2491.2491,7462.7462,576.0576,62.7,,459386.953136292,,7.00000000000011
9,13686.3685,25516.5333000198,33621.3617999999,8720.872,17603.7602,1332.13319999999,18784.8783,15038.5037,9158.91580000001,3341.33409999999,766.076599999999,726.0726,1223.12229999997,84655.8729553369,2266.22659999999,217.021699999999,988.098800000001,232.023199999999,10351.035,1223.1223,549.0549,950.095,209.0209,1135.1135,468.0468,3809.38090000001,6648.70274344036,6060.60599999999,8050.805,9270.927,799.079899999999,4098.4098,2370.23699999999,11600.1599,3559.3559,1251.1251,340.033999999999,501.0501,964.096399999998,202.020199999999,231.458406039193,703.070300000001,160.05750846229,498.0498,455.045500000001,89.0088999999999,2371.2371,190.019,89217.2527879859,8101.8101,886.088599999999,7510.751,673.0673,330.032999999999,25149.2969350081,2491.2491,7462.7462,576.0576,62.8,,459386.953136292,,8.00000000000011
10,13686.3685,25516.5333000198,33621.3617999999,8720.872,17603.7602,1332.13319999999,18784.8783,15038.5037,9158.91580000001,3341.33409999999,766.076599999999,726.0726,1223.12229999997,84655.8729553369,2266.22659999999,217.021699999999,988.098800000001,232.023199999999,10351.035,1223.1223,549.0549,950.095,209.0209,1135.1135,468.0468,3809.38090000001,6648.70274344036,6060.60599999999,8050.805,9270.927,799.079899999999,4098.4098,2370.23699999999,11600.1599,3559.3559,1251.1251,340.033999999999,501.0501,964.096399999998,202.020199999999,231.458406039193,703.070300000001,160.05750846229,498.0498,455.045500000001,89.0088999999999,2371.2371,190.019,89217.2527879859,8101.8101,886.088599999999,7510.751,673.0673,330.032999999999,25149.2969350081,2491.2491,7462.7462,576.0576,62.9,,459386.953136292,,9.00000000000011
11,13686.3685,25516.5333000198,33621.3617999999,8720.872,17603.7602,1332.13319999999,18784.8783,15038.5037,9158.91580000001,3341.33409999999,766.076599999999,726.0726,1223.12229999997,84655.8729553369,2266.22659999999,217.021699999999,988.098800000001,232.023199999999,10351.035,1223.1223,549.0549,950.095,209.0209,1135.1135,468.0468,3809.38090000001,6648.70274344036,6060.60599999999,8050.805,9270.927,799.079899999999,4098.4098,2370.23699999999,11600.1599,3559.3559,1251.1251,340.033999999999,501.0501,964.096399999998,202.020199999999,231.458406039193,703.070300000001,160.05750846229,498.0498,455.045500000001,89.0088999999999,2371.2371,190.019,89217.2527879859,8101.8101,886.088599999999,7510.751,673.0673,330.032999999999,25149.2969350081,2491.2491,7462.7462,576.0576,63,,459386.953136292,,10.0000000000001
12,13686.3685,25516.5333000198,33621.3617999999,8720.872,17603.7602,1332.13319999999,18784.8783,15038.5037,9158.91580000001,3341.33409999999,766.076599999999,726.0726,1223.12229999997,84655.8729553369,2266.22659999999,217.021699999999,988.098800000001,232.023199999999,10351.035,1223.1223,549.0549,950.095,209.0209,1135.1135,468.0468,3809.38090000001,6648.70274344036,6060.60599999999,8050.805,9270.927,799.079899999999,4098.4098,2370.23699999999,11600.1599,3559.3559,1251.1251,340.033999999999,501.0501,964.096399999998,202.020199999999,231.458406039193,703.070300000001,160.05750846229,498.0498,455.045500000001,89.0088999999999,2371.2371,190.019,89217.2527879859,8101.8101,886.088599999999,7510.751,673.0673,330.032999999999,25149.2969350081,2491.2491,7462.7462,576.0576,63.1,,459386.953136292,,11.0000000000001
13,13686.3685,25516.5333000198,33621.3617999999,8720.872,17603.7602,1332.13319999999,18784.8783,15038.5037,9158.91580000001,3341.33409999999,766.076599999999,726.0726,1223.12229999997,84655.8729553369,2266.22659999999,217.021699999999,988.098800000001,232.023199999999,10351.035,1223.1223,549.0549,950.095,209.0209,1135.1135,468.0468,3809.38090000001,6648.70274344036,6060.60599999999,8050.805,9270.927,799.079899999999,4098.4098,2370.23699999999,11600.1599,3559.3559,1251.1251,340.033999999999,501.0501,964.096399999998,202.020199999999,231.458406039193,703.070300000001,160.05750846229,498.0498,455.045500000001,89.0088999999999,2371.2371,190.019,89217.2527879859,8101.8101,886.088599999999,7510.751,673.0673,330.032999999999,25149.2969350081,2491.2491,7462.7462,576.0576,63.2,,459386.953136292,,12.0000000000002
14,13686.3685,25516.5333000198,33621.3617999999,8720.872,17603.7602,1332.13319999999,18784.8783,15038.5037,9158.91580000001,3341.33409999999,766.076599999999,726.0726,1223.12229999997,84655.8729553369,2266.22659999999,217.021699999999,988.098800000001,232.023199999999,10351.035,1223.1223,549.0549,950.095,209.0209,1135.1135,468.0468,3809.38090000001,6648.70274344036,6060.60599999999,8050.805,9270.927,799.079899999999,4098.4098,2370.23699999999,11600.1599,3559.3559,1251.1251,340.033999999999,501.0501,964.096399999998,202.020199999999,231.458406039193,703.070300000001,160.05750846229,498.0498,455.045500000001,89.0088999999999,2371.2371,190.019,89217.2527879859,8101.8101,886.088599999999,7510.751,673.0673,330.032999999999,25149.2969350081,2491.2491,7462.7462,576.0576,63.3,,459386.953136292,,13.0000000000002
15,13686.3685,25516.5333000198,33621.3617999999,8720.872,17603.7602,1332.13319999999,18784.8783,15038.5037,9158.91580000001,3341.33409999999,766.076599999999,726.0726,1223.12229999997,84655.8729553369,2266.22659999999,217.021699999999,988.098800000001,232.023199999999,10351.035,1223.1223,549.0549,950.095,209.0209,1135.1135,468.0468,3809.38090000001,6648.70274344036,6060.60599999999,8050.805,9270.927,799.079899999999,4098.4098,2370.23699999999,11600.1599,3559.3559,1251.1251,340.033999999999,501.0501,964.096399999998,202.020199999999,231.458406039193,703.070300000001,160.05750846229,498.0498,455.045500000001,89.0088999999999,2371.2371,190.019,89217.2527879859,8101.8101,886.088599999999,7510.751,673.0673,330.032999999999,25149.2969350081,2491.2491,7462.7462,576.0576,63.4,,459386.953136292,,14.0000000000002
16,13686.3685,25516.5333000198,33621.3617999999,8720.872,17603.7602,1332.13319999999,18784.8783,15038.5037,9158.91580000001,3341.33409999999,766.076599999999,726.0726,1223.12229999997,84655.8729553369,2266.22659999999,217.021699999999,988.098800000001,232.023199999999,10351.035,1223.1223,549.0549,950.095,209.0209,1135.1135,468.0468,3809.38090000001,6648.70274344036,6060.60599999999,8050.805,9270.927,799.079899999999,4098.4098,2370.23699999999,11600.1599,3559.3559,1251.1251,340.033999999999,501.0501,964.096399999998,202.020199999999,231.458406039193,703.070300000001,160.05750846229,498.0498,455.045500000001,89.0088999999999,2371.2371,190.019,89217.2527879859,8101.8101,886.088599999999,7510.751,673.0673,330.032999999999,25149.2969350081,2491.2491,7462.7462,576.0576,63.5,,459386.953136292,,15.0000000000002
17,13686.3685,25516.5333000198,33621.3617999999,8720.872,17603.7602,1332.13319999999,18784.8783,15038.5037,9158.91580000001,3341.33409999999,766.076599999999,726.0726,1223.12229999997,84655.8729553369,2266.22659999999,217.021699999999,988.098800000001,232.023199999999,10351.035,1223.1223,549.0549,950.095,209.0209,1135.1135,468.0468,3809.38090000001,6648.70274344036,6060.60599999999,8050.805,9270.927,799.079899999999,4098.4098,2370.23699999999,11600.1599,3559.3559,1251.1251,340.033999999999,501.0501,964.096399999998,202.020199999999,231.458406039193,703.070300000001,160.05750846229,498.0498,455.045500000001,89.0088999999999,2371.2371,190.019,89217.2527879859,8101.8101,886.088599999999,7510.751,673.0673,330.032999999999,25149.2969350081,2491.2491,7462.7462,576.0576,63.6,,459386.953136292,,16.0000000000002
18,13686.3685,25516.5333000198,33621.3617999999,8720.872,17603.7602,1332.13319999999,18784.8783,15038.5037,9158.91580000001,3341.33409999999,766.076599999999,726.0726,1223.12229999997,84655.8729553369,2266.22659999999,217.021699999999,988.098800000001,232.023199999999,10351.035,1223.1223,549.0549,950.095,209.0209,1135.1135,468.0468,3809.38090000001,6648.70274344036,6060.60599999999,8050.805,9270.927,799.079899999999,4098.4098,2370.23699999999,11600.1599,3559.3559,1251.1251,340.033999999999,501.0501,964.096399999998,202.020199999999,231.458406039193,703.070300000001,160.05750846229,498.0498,455.045500000001,89.0088999999999,2371.2371,190.019,89217.2527879859,8101.8101,886.088599999999,7510.751,673.0673,330.032999999999,25149.2969350081,2491.2491,7462.7462,576.0576,63.7,,459386.953136292,,17.0000000000002
19,13686.3685,25516.5333000198,33621.3617999999,8720.872,17603.7602,1332.13319999999,18784.8783,15038.5037,9158.91580000001,3341.33409999999,766.076599999999,726.0726,1223.12229999997,84655.8729553369,2266.22659999999,217.021699999999,988.098800000001,232.023199999999,10351.035,1223.1223,549.0549,950.095,209.0209,1135.1135,468.0468,3809.38090000001,6648.70274344036,6060.60599999999,8050.805,9270.927,799.079899999999,4098.4098,2370.23699999999,11600.1599,3559.3559,1251.1251,340.033999999999,501.0501,964.096399999998,202.020199999999,231.458406039193,703.070300000001,160.05750846229,498.0498,455.045500000001,89.0088999999999,2371.2371,190.019,89217.2527879859,8101.8101,886.088599999999,7510.751,673.0673,330.032999999999,25149.2969350081,2491.2491,7462.7462,576.0576,63.8,,459386.953136292,,18.0000000000002
20,13686.3685,25516.5333000198,33621.3617999999,8720.872,17603.7602,1332.13319999999,18784.8783,15038.5037,9158.91580000001,3341.33409999999,766.076599999999,726.0726,1223.12229999997,84655.8729553369,2266.22659999999,217.021699999999,988.098800000001,232.023199999999,10351.035,1223.1223,549.0549,950.095,209.0209,1135.1135,468.0468,3809.38090000001,6648.70274344036,6060.60599999999,8050.805,9270.927,799.079899999999,4098.4098,2370.23699999999,11600.1599,3559.3559,1251.1251,340.033999999999,501.0501,964.096399999998,202.020199999999,231.458406039193,703.070300000001,160.05750846229,498.0498,455.045500000001,89.0088999999999,2371.2371,190.019,89217.2527879859,8101.8101,886.088599999999,7510.751,673.0673,330.032999999999,25149.2969350081,2491.2491,7462.7462,576.0576,63.9,,459386.953136292,,19.0000000000002
21,13513.5651488875,25172.1004536981,33179.2807272394,8647.37032429887,17412.7866578683,1309.04620958188,18545.2031892846,14687.7427839527,9053.18382471796,3286.15622528752,763.050862112594,723.721279142,1217.47852084157,84054.436678315,2248.21307620022,215.355543027496,980.763180369697,230.09227922464,10258.433599863,1213.93200925352,548.144174063078,943.463597613346,206.883778424385,1128.65824509604,465.345412765759,3410.73783383398,,5905.8099827937,7919.5997747895,9088.67239243495,769.467655550178,3919.43337366463,2323.75269618887,10862.6862678824,3438.16482969029,1138.60160711162,337.918528535347,498.540201966476,959.021121621788,200.731509966307,228.828800641532,690.876348037359,,494.653901553657,431.490926263366,85.4270361164353,2369.73971221549,189.420468279557,88830.7168724755,8069.76104746934,883.12859955719,7486.0912758215,669.839932855386,329.078538034337,25066.7318456908,2481.54527573418,7439.02654053818,574.991124484294,64,12288.0593333651,459386.953136292,0.026748820900274,20.0000000000002
22,13328.2055607012,24802.6404279465,32705.0771596333,8568.5278698485,17207.9365962457,1284.28167226932,18288.1128057088,14315.293655658,8939.76915266315,3226.96901585062,759.805268059248,721.199106608153,1211.48577612096,83369.9392172131,2228.66506168058,213.54745366905,972.802672440342,227.996872030992,10157.9439047574,1203.95883915372,547.107672582541,936.408586826225,204.6175680007,1121.79063394448,462.480853267368,2983.12856525141,,5739.76617740737,7778.86091552358,8893.17480060117,737.703726198394,3727.45216226456,2273.8907499009,10078.1034411371,3308.16777384712,1017.90193219913,335.667922534873,495.869973760039,953.57706336679,199.264845766106,225.836034346636,676.99835384559,,490.789013528957,405.929844793374,81.3504999512852,2368.14973810622,188.770950345603,88390.7985255116,8034.98188092903,879.916450047893,7459.33090113581,666.337640882734,328.042769765419,24972.7641284569,2471.01482651431,7413.28631043581,573.777363674182,64.1,18229.7844513826,459386.953136292,0.039682851955036,21.0000000000002
23,13142.8459725149,24433.1804021948,32230.8735920273,8489.68541539812,17003.086534623,1259.51713495677,18031.022422133,13942.8445273633,8826.35448060833,3167.78180641372,756.559674005902,718.676934074306,1205.49303140035,82685.441756111,2209.11704716095,211.739364310604,964.842164510987,225.901464837344,10057.4542096518,1193.98566905392,546.071171102003,929.353576039104,202.351357577015,1114.92302279292,459.616293768976,2555.51929666883,,5573.72237202105,7638.12205625766,8697.67720876738,705.93979684661,3535.47095086449,2224.02880361293,9293.52061439179,3178.17071800396,897.202257286639,333.417316534398,493.199745553601,948.133005111791,197.798181565906,222.843268051739,663.120359653823,,486.924125504257,380.368763323382,77.2739637861353,2366.55976399694,188.121432411648,87950.8801785477,8000.20271438873,876.704300538596,7432.57052645012,662.835348910082,327.0070014965,24878.7964112231,2460.48437729445,7387.54608033344,572.563602864071,64.2,24171.5095694002,459386.953136292,0.052616883009799,22.0000000000002
24,12957.4863843287,24063.7203764432,31756.6700244213,8410.84296094774,16798.2364730004,1234.75259764421,17773.9320385573,13570.3953990687,8712.93980855353,3108.59459697682,753.314079952557,716.15476154046,1199.50028667974,82000.9442950088,2189.56903264132,209.931274952158,956.881656581632,223.806057643697,9956.96451454614,1184.01249895412,545.034669621465,922.298565251984,200.085147153331,1108.05541164136,456.751734270585,2127.91002808631,,5407.67856663474,7497.38319699175,8502.17961693361,674.175867494829,3343.48973946444,2174.16685732497,8508.93778764658,3048.17366216081,776.502582374162,331.166710533924,490.529517347164,942.688946856793,196.331517365705,219.850501756843,649.242365462057,,483.059237479557,354.807681853393,73.1974276209857,2364.96978988767,187.471914477693,87510.9618315839,7965.42354784843,873.492151029299,7405.81015176443,659.33305693743,325.971233227582,24784.8286939893,2449.95392807459,7361.80585023108,571.34984205396,64.3,30113.2346874173,459386.953136292,0.06555091406456,23.0000000000001
25,12772.1267961424,23694.2603506925,31282.466456814,8332.00050649693,16593.3864113783,1209.98806033161,17516.841654981,13197.9462707754,8599.52513649886,3049.40738753985,750.068485899214,713.632589006596,1193.50754195919,81316.4468339099,2170.0210181219,208.123185593744,948.92114865236,221.710650449943,9856.47481944101,1174.03932885437,543.998168140918,915.243554464757,197.818936729582,1101.1878004898,453.887174772239,1700.30075950308,,5241.63476124827,7356.64433772571,8306.6820251006,642.411938143438,3151.50852806478,2124.30491103701,7724.35496090219,2918.17660631805,655.802907462292,328.916104533433,487.859289140784,937.244888601751,194.864853165446,216.857735461292,635.364371269853,,479.194349455231,329.246600382667,69.120891455455,2363.37981577841,186.822396543681,87071.0434846226,7930.64438130758,870.280001519951,7379.04977707883,655.830764964672,324.935464958624,24690.8609767542,2439.42347885457,7336.06562012896,570.136081243857,64.4,36054.9598054287,459386.953136292,0.078484945119309,24
26,12586.767207956,23324.8003249399,30808.2628892093,8253.15805204703,16388.5363497552,1185.22352301907,17259.7512714057,12825.4971424793,8486.11046444386,2990.22017810294,746.822891845854,711.110416472813,1187.51479723852,80631.9493728045,2150.47300360205,206.315096235255,940.96064072291,219.615243256427,9755.98512433495,1164.06615875451,542.9616666604,908.18854367777,195.552726305958,1094.32018933823,451.022615273815,1272.69149092186,,5075.59095586203,7215.90547845998,8111.18443326606,610.648008791221,2959.52731666423,2074.44296474911,6939.77213415608,2788.17955047459,535.103232548766,326.665498532969,485.18906093428,931.800830346833,193.398188965319,213.864969167042,621.486377078685,,475.329461430181,303.685518913323,65.0443552908375,2361.7898416691,186.172878609784,86631.125137656,7895.86521476783,867.06785201071,7352.28940239305,652.328472992172,323.899696689746,24596.8932595217,2428.89302963487,7310.32539002634,568.92232043373,64.5,41996.6849234515,459386.953136292,0.091418976174084,25
27,12401.4076197698,22955.3402991882,30334.0593216032,8174.31559759661,16183.6862881325,1160.45898570654,17002.6608878299,12453.0480141847,8372.69579238909,2931.03296866612,743.57729779252,708.58824393892,1181.5220525179,79947.4519117032,2130.92498908241,204.50700687682,933.000132793568,217.519836062753,9655.49542922929,1154.09298865473,541.925165179851,901.133532890624,193.286515882276,1087.45257818667,448.15805577541,845.082222338627,,4909.54715047578,7075.16661919401,7915.68684143226,578.88407943948,2767.54610526426,2024.58101846106,6155.18930741077,2658.18249463133,414.403557636704,324.414892532502,482.518832727851,926.356772091798,191.931524765104,210.872202872153,607.608382886751,,471.464573405457,278.124437443419,60.9678191255352,2360.19986755985,185.523360675828,86191.2067906921,7861.08604822752,863.855702501407,7325.52902770736,648.826181019474,322.863928420828,24502.9255422878,2418.362580415,7284.58515992398,567.708559623625,64.6,47938.4100414691,459386.953136292,0.104353007228846,26
28,12216.0480315836,22585.8802734366,29859.8557539972,8095.47314314624,15978.8362265099,1135.69444839399,16745.5705042541,12080.5988858901,8259.28112033429,2871.84575922922,740.331703739175,706.066071405074,1175.52930779729,79262.9544506011,2111.37697456278,202.698917518374,925.039624864214,215.424428869106,9555.00573412369,1144.11981855493,540.888663699313,894.078522103504,191.020305458592,1080.58496703511,445.293496277019,417.472953756097,,4743.50334508947,6934.4277599281,7720.18924959849,547.120150087699,2575.56489386421,1974.7190721731,5370.60648066552,2528.18543878818,293.703882724227,322.164286532027,479.848604521413,920.9127138368,190.464860564904,207.879436577258,593.730388694988,,467.599685380758,252.563355973432,56.8912829603866,2358.60989345057,184.873842741874,85751.2884437284,7826.30688168722,860.64355299211,7298.76865302168,645.323889046822,321.82816015191,24408.957825054,2407.83213119514,7258.84492982162,566.494798813514,64.7,53880.1351594861,459386.953136292,0.117287038283607,26.9999999999999
29,12030.6884433973,22216.420247685,29385.6521863912,8016.63068869587,15773.9861648873,1110.92991108143,16488.4801206784,11708.1497575954,8145.86644827949,2812.65854979232,737.08610968583,703.543898871228,1169.53656307668,78578.4569894992,2091.82896004315,200.890828159928,917.079116934859,213.329021675458,9454.51603901808,1134.14664845514,539.852162218776,887.023511316384,188.754095034907,1073.71735588355,442.428936778628,,,4577.45953970317,6793.6889006622,7524.69165776472,515.356220735918,2383.58368246416,1924.85712588514,4586.02365392029,2398.18838294504,173.00420781175,319.913680531553,477.178376314976,915.468655581802,188.998196364704,204.886670282362,579.852394503223,,463.734797356059,227.002274503443,52.8147467952367,2357.0199193413,184.224324807919,85311.3700967645,7791.52771514692,857.431403482813,7272.00827833599,641.82159707417,320.792391882992,24314.9901078202,2397.30168197528,7233.10469971925,565.281038003403,64.8,59811.7239626765,459386.953136292,0.130199004465265,27.9999999999998
30,11845.328855211,21846.9602219334,28911.4486187852,7937.78823424549,15569.1361032647,1086.16537376887,16231.3897371026,11393.4832420805,8032.45177622467,2753.47134035542,733.840515632484,701.021726337381,1164.47354652932,77295.2664403773,2068.84949979607,198.765347974007,907.721226632218,210.865788068817,9336.38644833247,1122.4227945765,537.909088680072,880.854419045186,186.886388656793,1067.71213092287,440.068098619153,,,4411.41573431684,6652.95004139628,7329.19406593093,483.592291384134,2191.60247106409,1874.99517959717,3899.96320714889,2268.19132710187,52.3045328992598,317.94568976556,474.843456541254,910.024597326803,186.248719927782,199.27629238679,553.836065737044,,456.489499793194,196.954217452838,45.1726838548543,2355.67661746538,183.460790919191,84486.6788491146,7750.64343638107,853.655395342322,7240.5504049203,637.704515051422,319.574805527258,24138.8338858776,2384.92272456307,7202.84604640211,563.005665940048,64.9,65650.8545804948,458734.074754777,0.143113097965503,28.9999999999998
31,11659.9692670248,21477.5001961817,28437.2450511791,7858.94577979511,15364.286041642,1061.40083645632,15974.2993535268,11086.5240621229,7919.03710416986,2694.28413091852,730.594921579139,698.499553803534,1159.53454180254,75932.2191955593,2045.4123360566,196.597532602941,898.176946439352,208.353491924928,9215.90395964014,1110.46542568895,535.845091999905,874.803495042093,185.071836752878,1061.82193537041,437.774449345741,,,4245.37192893052,6512.21118213036,7133.69647409714,451.82836203235,1999.62125966402,1825.1332333092,3227.04417101722,2138.19427125871,,316.015395641186,472.553261892995,904.580539071804,183.328135541774,193.316764288504,526.200664845659,,448.793306201598,166.307665028382,37.0550330174605,2354.36621797278,182.68204900888,83610.6646564416,7708.94482703594,849.804176901215,7208.46595549409,633.505429239202,318.332967360502,23951.7149477427,2372.29720382959,7171.98470306749,560.588690827493,65,71464.9421610341,457994.11217055,0.156038997580872,29.9999999999998
32,11474.6096788385,21108.0401704301,27963.0414835731,7780.10332534474,15159.4359800194,1036.63629914376,15717.208969951,10779.5648821654,7805.62243211505,2635.09692148162,727.349327525793,695.977381269688,1154.59553707575,74569.1719507414,2021.97517231714,194.429717231875,888.632666246486,205.841195781038,9095.42147094782,1098.50805680139,533.781095319739,868.752571039001,183.257284848963,1055.93173981794,435.480800072329,,,4079.32812354421,6371.47232286446,6938.19888226337,420.064432680569,1807.64004826397,1775.27128702123,2554.12513488561,2008.19721541556,,314.085101516812,470.263067244737,899.136480816806,180.407551155767,187.357236190219,498.565263954277,,441.097112610002,135.661112603928,28.9373821800677,2353.05581848018,181.903307098568,82734.6504637686,7667.24621769081,845.952958460108,7176.38150606788,629.306343426982,317.091129193747,23764.5960096079,2359.67168309611,7141.12335973286,558.171715714939,65.1,77226.7252086736,457254.149586323,0.168892344177829,30.9999999999997
33,11289.2500906523,20738.5801446785,27488.8379159671,7701.26087089437,14954.5859183968,1011.87176183121,15460.1185863753,10472.6057022079,7692.20776006025,2575.90971204472,724.103733472448,693.455208735842,1149.65653234897,73206.1247059236,1998.53800857767,192.261901860809,879.088386053621,203.328899637149,8974.93898225551,1086.55068791384,531.717098639572,862.701647035909,181.442732945049,1050.04154426548,433.187150798918,,,3913.2843181579,6230.73346359855,6742.70129042961,388.300503328788,1615.65883686393,1725.40934073327,1881.20609875401,1878.20015957241,,312.154807392438,467.972872596479,893.692422561809,177.486966769759,181.397708091934,470.929863062894,,433.400919018406,105.014560179475,20.8197313426748,2351.74541898758,181.124565188257,81858.6362710957,7625.54760834568,842.101740019002,7144.29705664168,625.107257614763,315.849291026991,23577.4770714731,2347.04616236263,7110.26201639824,555.754740602384,65.2,82988.5082563131,456514.187002096,0.181787358682748,31.9999999999995
34,11103.890502466,20369.1201189268,27014.6343483611,7622.41841644399,14749.7358567741,987.10722451865,15203.0282027995,10165.6465222504,7578.79308800543,2516.72250260782,720.858139419102,690.933036201995,1144.71752762219,71843.0774611056,1975.10084483821,190.094086489744,869.544105860755,200.816603493261,8854.45649356318,1074.59331902629,529.653101959406,856.650723032816,179.628181041134,1044.15134871302,430.893501525506,,,3747.24051277158,6089.99460433264,6547.20369859581,356.536573977003,1423.67762546385,1675.5473944453,1208.28706262233,1748.20310372924,,310.224513268063,465.68267794822,888.24836430681,174.566382383746,175.438179993642,443.294462171494,,425.704725426809,74.3680077550169,12.7020805052843,2350.43501949498,180.345823277945,80982.6220784226,7583.84899900054,838.250521577895,7112.21260721547,620.908171802543,314.607452860236,23390.3581333382,2334.42064162914,7079.40067306361,553.33776548983,65.3,88750.2913039532,455774.224417869,0.194724244042779,32.9999999999995
35,10918.5309142797,19999.6600931751,26540.430780755,7543.57596199361,14544.8857951515,962.342687206092,14945.9378192237,9858.68734229285,7465.37841595062,2457.53529317092,717.612545365757,688.410863668148,1139.7785228954,70480.0302162875,1951.66368109874,187.926271118677,859.999825667888,198.304307349369,8733.97400487084,1062.63595013873,527.589105279239,850.599799029723,177.81362913722,1038.26115316055,428.599852252094,,,3581.19670738525,5949.25574506671,6351.70610676202,324.77264462522,1231.69641406379,1625.68544815733,535.368026490645,1618.20604788608,,308.294219143689,463.392483299962,882.804306051811,171.645797997744,169.478651895362,415.659061280126,,418.008531835212,43.7214553305636,4.5844296678853,2349.12462000238,179.567081367633,80106.6078857496,7542.15038965541,834.399303136788,7080.12815778926,616.709085990324,313.365614693479,23203.2391952034,2321.79512089566,7048.53932972899,550.920790377275,65.4,94512.0743515934,455034.261833642,0.207703204525172,33.9999999999995
36,10733.1713260934,19630.2000674235,26066.227213149,7464.73350754324,14340.0357335289,937.578149893537,14688.8474356479,9551.72816233535,7351.96374389581,2398.34808373402,714.366951312411,685.888691134302,1134.83951816862,69116.9829714696,1928.22651735928,185.758455747611,850.455545475023,195.79201120548,8613.49151617853,1050.67858125118,525.525108599073,844.54887502663,175.999077233305,1032.37095760809,426.306202978682,,,3415.15290199895,5808.51688580081,6156.20851492826,293.008715273439,1039.71520266374,1575.82350186936,,1488.20899204293,,306.363925019315,461.102288651703,877.360247796813,168.725213611737,163.519123797077,388.023660388742,,410.312338243617,13.0749029061086,,2347.81422050978,178.788339457322,79230.5936930766,7500.45178031028,830.548084695681,7048.04370836306,612.510000178104,312.123776526724,23016.1202570685,2309.16960016218,7017.67798639436,548.503815264721,65.4999999999999,100065.764274187,454227.290355179,0.220298882077167,34.9999999999994
37,10547.8117379072,19260.7400416719,25592.023645543,7385.89105309287,14135.1856719063,912.813612580982,14431.7570520721,9244.76898237785,7238.54907184101,2339.16087429712,711.121357259066,683.366518600455,1129.90051344183,67753.9357266518,1904.78935361981,183.590640376545,840.911265282158,193.27971506159,8493.00902748621,1038.72121236363,523.461111918906,838.497951023538,174.184525329391,1026.48076205562,424.012553705271,,,3249.10909661264,5667.77802653491,5960.71092309449,261.244785921658,847.73399126369,1525.9615555814,,1358.21193619978,,304.433630894941,458.812094003445,871.916189541815,165.804629225729,157.559595698791,360.38825949736,,402.616144652021,,,2346.50382101718,178.00959754701,78354.5795004037,7458.75317096515,826.696866254574,7015.95925893686,608.310914365884,310.881938359968,22829.0013189337,2296.5440794287,6986.81664305974,546.086840152166,65.5999999999999,104800.931205071,453159.319990685,0.231267297354109,35.9999999999993
38,10362.4521497209,18891.2800159202,25117.820077937,7307.04859864249,13930.3356102836,888.049075268425,14174.6666684963,8937.80980242032,7125.1343997862,2279.97366486022,707.87576320572,680.844346066608,1124.96150871505,66390.8884818338,1881.35218988035,181.422825005479,831.366985089291,190.7674189177,8372.52653879388,1026.76384347608,521.39711523874,832.447027020445,172.369973425476,1020.59056650316,421.718904431859,,,3083.06529122632,5527.03916726899,5765.2133312607,229.480856569875,655.75277986362,1476.09960929343,,1228.21488035662,,302.503336770567,456.521899355186,866.472131286816,162.884044839722,151.600067600506,332.752858605974,,394.919951060424,,,2345.19342152458,177.230855636699,77478.5653077306,7417.05456162001,822.845647813467,6983.87480951065,604.111828553665,309.640100193212,22641.8823807988,2283.91855869522,6955.95529972512,543.669865039612,65.6999999999999,109526.291958777,452094.618351917,0.242264091437426,36.9999999999993
39,10177.0925615346,18521.8199901686,24643.6165103309,7228.20614419211,13725.485548661,863.284537955867,13917.5762849205,8630.85062246278,7011.71972773138,2220.78645542331,704.630169152375,678.322173532762,1120.02250398827,65027.8412370158,1857.91502614088,179.255009634413,821.822704896425,188.255122773811,8252.04405010155,1014.80647458852,519.333118558573,826.396103017352,170.555421521561,1014.70037095069,419.425255158447,,,2917.02148583999,5386.30030800306,5569.71573942691,197.71692721809,463.771568463551,1426.23766300546,,1098.21782451345,,300.573042646193,454.231704706928,861.028073031818,159.963460453714,145.64053950222,305.117457714589,,387.223757468827,,,2343.88302203198,176.452113726387,76602.5511150576,7375.35595227488,818.99442937236,6951.79036008444,599.912742741445,308.398262026457,22454.763442664,2271.29303796173,6925.09395639049,541.252889927057,65.7999999999999,114251.652712483,451029.916713149,0.253312803605322,37.9999999999993
40,9991.73297334837,18152.359964417,24169.4129427249,7149.36368974174,13520.6354870384,838.520000643312,13660.4859013448,8323.89144250528,6898.30505567658,2161.59924598642,701.384575099029,675.800000998916,1115.08349926148,63664.7939921979,1834.47786240142,177.087194263347,812.27842470356,185.742826629922,8131.56156140923,1002.84910570097,517.269121878407,820.345179014259,168.740869617647,1008.81017539823,417.131605885035,,,2750.97768045368,5245.56144873716,5374.21814759314,165.952997866309,271.790357063505,1376.37571671749,,968.220768670305,,298.642748521819,451.94151005867,855.58401477682,157.042876067706,139.681011403934,277.482056823207,,379.527563877232,,,2342.57262253938,175.673371816075,75726.5369223846,7333.65734292975,815.143210931253,6919.70591065824,595.713656929226,307.156423859701,22267.6445045291,2258.66751722825,6894.23261305587,538.835914814503,65.8999999999999,118977.013466188,449965.215074381,0.264413802401415,38.9999999999992
41,9806.37338516211,17782.8999386654,23695.209375119,7070.52123529137,13315.7854254158,813.755463330758,13403.395517769,8016.93226254777,6784.89038362177,2102.41203654952,698.138981045684,673.277828465069,1110.1444945347,62301.74674738,1811.04069866195,174.919378892281,802.734144510694,183.230530486032,8011.07907271691,990.89173681342,515.20512519824,814.294255011167,166.926317713732,1002.91997984576,414.837956611623,,,2584.93387506738,5104.82258947126,5178.72055575937,134.189068514528,79.8091456634555,1326.51377042953,,838.223712827155,,296.712454397445,449.651315410411,850.139956521822,154.122291681699,133.721483305649,249.846655931825,,371.831370285636,,,2341.26222304678,174.894629905764,74850.5227297116,7291.95873358462,811.291992490146,6887.62146123203,591.514571117006,305.914585692945,22080.5255663943,2246.04199649477,6863.37126972124,536.418939701949,65.9999999999999,123702.374219893,448900.513435613,0.275567459865772,39.9999999999991
42,9621.01379697583,17413.4399129137,23221.0058075129,6991.67878084099,13110.9353637931,788.9909260182,13146.3051341932,7709.97308259024,6671.47571156696,2043.22482711262,694.893386992338,670.755655931222,1105.20548980792,60938.699502562,1787.60353492249,172.751563521215,793.189864317828,180.718234342142,7890.59658402458,978.934367925867,513.141128518074,808.243331008074,165.111765809818,997.0297842933,412.544307338212,,,2418.89006968105,4964.08373020534,4983.22296392558,102.425139162744,,1276.65182414156,,708.226656983991,,294.78216027307,447.361120762153,844.695898266823,151.201707295691,127.761955207363,222.21125504044,,364.135176694039,,,2339.95182355418,174.115887995452,73974.5085370386,7250.26012423948,807.440774049039,6855.53701180583,587.315485304786,304.67274752619,21893.4066282595,2233.41647576129,6832.50992638662,534.001964589394,66.0999999999999,128315.562907861,447835.811796844,0.286523675703877,40.9999999999991
43,9435.65420878956,17043.979887162,22746.8022399069,6912.83632639061,12906.0853021705,764.226388705642,12889.2147506174,7403.0139026327,6558.06103951214,1984.03761767571,691.647792938993,668.233483397376,1100.26648508113,59575.652257744,1764.16637118302,170.583748150149,783.645584124962,178.205938198253,7770.11409533225,966.976999038314,511.077131837907,802.192407004981,163.297213905903,991.139588740836,410.2506580648,,,2252.84626429472,4823.34487093942,4787.72537209179,70.6612098109599,,1226.78987785359,,578.229601140826,,292.851866148696,445.070926113894,839.251840011824,148.281122909684,121.802427109077,194.575854149054,,356.438983102443,,,2338.64142406159,173.337146085141,73098.4943443655,7208.56151489435,803.589555607932,6823.45256237962,583.116399492567,303.430909359434,21706.2876901246,2220.79095502781,6801.64858305199,531.584989476839,66.1999999999999,132848.942450167,446771.110158076,0.297353475705183,41.9999999999991
44,9250.2946206033,16674.5198614104,22272.5986723009,6833.99387194024,12701.2352405479,739.461851393088,12632.1243670416,7096.0547226752,6444.64636745734,1924.85040823882,688.402198885647,665.711310863529,1095.32748035435,58212.6050129261,1740.72920744356,168.415932779083,774.101303932096,175.693642054363,7649.63160663993,955.019630150762,509.013135157741,796.141483001888,161.482662001988,985.249393188372,407.957008791388,,,2086.80245890842,4682.60601167351,4592.22778025803,38.8972804591793,,1176.92793156562,,448.232545297678,,290.921572024322,442.780731465636,833.807781756826,145.360538523676,115.842899010792,166.940453257672,,348.742789510847,,,2337.33102456899,172.558404174829,72222.4801516926,7166.86290554922,799.738337166826,6791.36811295341,578.917313680347,302.189071192678,21519.1687519898,2208.16543429432,6770.78723971737,529.168014364285,66.2999999999999,137382.321992472,445706.408519308,0.308235016070047,42.999999999999
45,9064.93503241704,16305.0598356588,21798.3951046949,6755.15141748986,12496.3851789252,714.697314080533,12375.0339834659,6789.0955427177,6331.23169540253,1865.66319880192,685.156604832302,663.189138329683,1090.38847562757,56849.5577681083,1717.29204370409,166.248117408017,764.557023739231,173.181345910474,7529.14911794762,943.06226126321,506.949138477574,790.090558998796,159.668110098074,979.359197635907,405.663359517976,,,1920.75865352211,4541.86715240761,4396.73018842426,7.13335110739827,,1127.06598527766,,318.235489454527,,288.991277899948,440.490536817378,828.363723501828,142.439954137669,109.883370912507,139.30505236629,,341.046595919251,,,2336.02062507639,171.779662264518,71346.4659590196,7125.16429620408,795.887118725719,6759.28366352721,574.718227868128,300.947233025922,21332.0498138549,2195.53991356084,6739.92589638274,526.751039251731,66.3999999999999,141915.701534777,444641.70688054,0.319168668477842,43.9999999999989
46,8879.57544423076,15935.5998099071,21324.1915370888,6676.30896303948,12291.5351173026,689.932776767976,12117.9435998901,6482.13636276017,6217.81702334772,1806.47598936502,681.911010778956,660.666965795836,1085.44947090078,55486.5105232902,1693.85487996463,164.080302036951,755.012743546365,170.669049766585,7408.66662925528,931.104892375657,504.885141797406,784.039634995703,157.853558194159,973.469002083443,403.369710244564,,,1754.71484813579,4401.12829314169,4201.23259659047,,,1077.20403898969,,188.238433611376,,287.060983775573,438.200342169119,822.919665246829,139.519369751659,103.923842814209,111.669651474916,,333.350402327653,,,2334.71022558379,171.000920354208,70470.4517663465,7083.46568685895,792.035900284614,6727.199214101,570.519142055908,299.705394859166,21144.9308757201,2182.91439282736,6709.06455304812,524.334064139177,66.4999999999999,146424.450498838,443577.005241772,0.330099281000892,44.9999999999989
47,8694.21585604449,15566.1397841555,20849.9879694828,6597.4665085891,12086.68505568,665.168239455418,11860.8532163143,6175.17718280263,6104.4023512929,1747.28877992811,678.665416725611,658.144793261989,1080.510466174,54123.4632784722,1670.41771622516,161.912486665885,745.468463353498,168.156753622694,7288.18414056295,919.147523488103,502.821145117241,777.98871099261,156.039006290245,967.578806530978,401.076060971152,,,1588.67104274946,4260.38943387577,4005.73500475668,,,1027.34209270172,,58.2413777682002,,285.1306896512,435.91014752086,817.475606991831,136.598785365653,97.9643147159349,84.0342505835197,,325.654208736057,,,2333.39982609119,170.222178443894,69594.4375736735,7041.76707751382,788.184681843505,6695.1147646748,566.320056243688,298.463556692411,20957.8119375852,2170.28887209388,6678.20320971349,521.917089026622,66.5999999999999,150926.066111792,442512.303603004,0.341066372353781,45.9999999999989
48,8508.85626785823,15196.6797584039,20375.7844018768,6518.62405413873,11881.8349940573,640.403702142863,11603.7628327385,5868.21800284513,5990.9876792381,1688.10157049122,675.419822672265,655.622620728143,1075.57146144721,52760.4160336544,1646.98055248569,159.744671294819,735.924183160633,165.644457478805,7167.70165187064,907.190154600551,500.757148437075,771.937786989518,154.22445438633,961.688610978514,398.782411697741,,,1422.62723736316,4119.65057460987,3810.23741292291,,,977.480146413755,,,,283.200395526826,433.619952872602,812.031548736833,133.678200979646,92.0047866176496,56.3988496921374,,317.958015144462,,,2332.08942659859,169.443436533583,68718.4233810005,7000.06846816868,784.333463402398,6663.03031524859,562.120970431469,297.221718525655,20770.6929994504,2157.6633513604,6647.34186637887,519.500113914067,66.6999999999999,155355.92604667,441447.601964236,0.35192381916995,46.9999999999988
49,8323.49667967197,14827.2197326523,19901.5808342708,6439.78159968836,11676.9849324347,615.639164830309,11346.6724491628,5561.25882288762,5877.5730071833,1628.91436105432,672.17422861892,653.100448194297,1070.63245672043,51397.3687888365,1623.54338874623,157.576855923753,726.379902967767,163.132161334916,7047.21916317832,895.232785712999,498.693151756908,765.886862986426,152.409902482416,955.79841542605,396.488762424329,,,1256.58343197685,3978.91171534396,3614.73982108914,,,927.61820012579,,,,281.270101402452,431.329758224344,806.587490481835,130.757616593638,86.0452585193643,28.7634488007554,,310.261821552866,,,2330.77902710599,168.664694623271,67842.4091883276,6958.36985882356,780.482244961291,6630.94586582239,557.92188461925,295.9798803589,20583.5740613156,2145.03783062692,6616.48052304425,517.083138801513,66.7999999999999,159727.54460378,440382.900325468,0.362701513809306,47.9999999999986
50,8138.1370914857,14457.7597069006,19427.3772666647,6360.93914523798,11472.1348708121,590.874627517751,11089.582065587,5254.29964293009,5764.15833512848,1569.72715161742,668.928634565574,650.57827566045,1065.69345199365,50034.3215440185,1600.10622500676,155.409040552687,716.835622774901,160.619865191026,6926.73667448599,883.275416825446,496.629155076742,759.835938983332,150.595350578501,949.908219873585,394.195113150917,,,1090.53962659052,3838.17285607804,3419.24222925535,,,877.75625383782,,,,279.339807278077,429.039563576085,801.143432226836,127.837032207631,80.0857304210784,1.12804790937022,,302.565627961269,,,2329.46862761339,167.88595271296,66966.3949956545,6916.67124947842,776.631026520184,6598.86141639618,553.72279880703,294.738042192144,20396.4551231807,2132.41230989343,6585.61917970962,514.666163688958,66.8999999999999,164099.163160891,439318.1986867,0.373531448620725,48.9999999999986
51,7952.77750329942,14088.2996811489,18953.1736990587,6282.09669078761,11267.2848091894,566.110090205194,10832.4916820112,4947.34046297255,5650.74366307366,1510.53994218051,665.683040512229,648.056103126603,1060.75444726686,48671.2742992005,1576.6690612673,153.241225181621,707.291342582035,158.107569047136,6806.25418579366,871.318047937892,494.565158396575,753.785014980239,148.780798674586,944.01802432112,391.901463877505,,,924.495821204198,3697.43399681212,3223.74463742156,,,827.89430754985,,,,277.409513153703,426.749368927827,795.699373971838,124.916447821623,74.1262023227924,,,294.869434369672,,,2328.15822812079,167.107210802648,66090.3808029815,6874.97264013328,772.779808079077,6566.77696696997,549.52371299481,293.496204025388,20209.3361850458,2119.78678915995,6554.75783637499,512.249188576404,66.9999999999999,168457.52804151,438266.750724423,0.38437213811694,49.9999999999986
52,7767.41791511305,13718.8396553977,18478.9701314522,6203.25423633737,11062.4347475668,541.345552892633,10575.4012984352,4640.38128301498,5537.32899101888,1451.35273274365,662.437446458896,645.533930592753,1055.81544254005,47308.227054381,1553.23189752783,151.073409810556,697.747062389167,155.595272903248,6685.77169710142,859.360679050342,492.50116171641,747.734090977145,146.966246770672,938.127828768659,389.607814604094,,,758.45201581789,3556.69513754626,3028.24704558769,,,778.032361261898,,,,275.479219029333,424.459174279566,790.255315716845,121.995863435614,68.1666742245052,,,287.173240778077,,,2326.84782862819,166.328468892337,65214.3666103082,6833.27403078817,768.928589637966,6534.69251754374,545.324627182587,292.254365858632,20022.2172469111,2107.16126842642,6523.89649304041,509.832213463853,67.0999999999998,172815.328898176,437215.8667861,0.39526316866886,50.9999999999985
53,7582.0583269269,13349.3796296457,18004.7665638467,6124.41178188686,10857.5846859442,516.581015580084,10318.3109148596,4333.42210305755,5423.91431896406,1392.16552330672,659.191852405538,643.01175805891,1050.8764378133,45945.1798095647,1529.79473378837,148.905594439489,688.202782196304,153.082976759357,6565.28920840902,847.403310162788,490.437165036242,741.683166974055,145.151694866757,932.237633216192,387.314165330682,,,592.408210431585,3415.95627828032,2832.74945375403,,,728.170414973921,,,,273.548924904955,422.16897963131,784.811257461842,119.075279049608,62.2071461262219,,,279.477047186481,,,2325.53742913559,165.549726982025,64338.3524176355,6791.57542144302,765.077371196864,6502.60806811756,541.125541370371,291.012527691877,19835.0983087762,2094.53574769299,6493.03514970575,507.415238351295,67.1999999999998,177173.129754839,436164.982847778,0.406206680320947,51.9999999999984
54,7396.69873874062,12979.919603894,17530.5629962407,6045.56932743648,10652.7346243216,491.816478267526,10061.2205312838,4026.46292310002,5310.49964690924,1332.97831386982,655.946258352192,640.489585525064,1045.93743308651,44582.1325647467,1506.3575700489,146.737779068423,678.658502003438,150.570680615468,6444.80671971669,835.445941275235,488.373168356076,735.632242970962,143.337142962843,926.347437663727,385.02051605727,,,426.36440504526,3275.2174190144,2637.25186192024,,,678.308468685951,,,,271.618630780581,419.878784983052,779.367199206843,116.1546946636,56.247618027936,,,271.780853594884,,,2324.22702964299,164.770985071713,63462.3382249625,6749.87681209789,761.226152755757,6470.52361869136,536.926455558152,289.770689525121,19647.9793706413,2081.91022695951,6462.17380637112,504.998263238741,67.2999999999998,181530.930611504,435114.098909456,0.417203053328959,52.9999999999984
55,7211.33915055435,12610.4595781424,17056.3594286346,5966.7268729861,10447.8845626989,467.051940954969,9804.13014770804,3719.50374314248,5197.08497485442,1273.79110443291,652.700664298847,637.967412991217,1040.99842835973,43219.0853199287,1482.92040630944,144.569963697357,669.114221810571,148.058384471578,6324.32423102436,823.488572387682,486.309171675909,729.581318967869,141.522591058928,920.457242111262,382.726866783858,,,260.320599658934,3134.47855974848,2441.75427008644,,,628.446522397981,,,,269.688336656207,417.588590334793,773.923140951844,113.234110277593,50.28808992965,,,264.084660003287,,,2322.91663015039,163.992243161402,62586.3240322894,6708.17820275275,757.37493431465,6438.43916926515,532.727369745932,288.528851358365,19460.8604325065,2069.28470622602,6431.3124630365,502.581288126186,67.3999999999998,185888.731468168,434063.214971133,0.428252671631091,53.9999999999984
56,7025.97956236809,12240.9995523908,16582.1558610286,5887.88441853573,10243.0345010763,442.287403642414,9547.03976413227,3412.54456318498,5083.67030279962,1214.60389499601,649.455070245501,635.445240457371,1036.05942363295,41856.0380751108,1459.48324256997,142.402148326291,659.569941617706,145.546088327688,6203.84174233204,811.53120350013,484.245174995743,723.530394964776,139.708039155014,914.567046558798,380.433217510446,,,94.2767942726277,2993.73970048257,2246.25667825268,,,578.584576110016,,,,267.758042531833,415.298395686535,768.479082696846,110.313525891585,44.3285618313648,,,256.388466411692,,,2321.60623065779,163.21350125109,61710.3098396165,6666.47959340762,753.523715873543,6406.35471983894,528.528283933712,287.287013191609,19273.7414943716,2056.65918549254,6400.45111970187,500.164313013632,67.4999999999998,190246.532324833,433012.331032811,0.439355922892684,54.9999999999983
57,6840.61997418183,11871.5395266391,16107.9522934226,5809.04196408536,10038.1844394537,417.522866329859,9289.9493805565,3105.58538322748,4970.25563074482,1155.41668555912,646.209476192156,632.923067923524,1031.12041890616,40492.990830293,1436.04607883051,140.234332955225,650.025661424841,143.033792183799,6083.35925363972,799.573834612578,482.181178315576,717.479470961684,137.893487251099,908.676851006334,378.139568237035,,,,2853.00084121667,2050.75908641891,,,528.722629822052,,,,265.827748407459,413.008201038276,763.035024441848,107.392941505578,38.3690337330796,,,248.692272820096,,,2320.2958311652,162.434759340779,60834.2956469435,6624.78098406249,749.672497432436,6374.27027041274,524.329198121493,286.045175024854,19086.6225562368,2044.03366475906,6369.58977636725,497.747337901077,67.5999999999998,194532.566170384,431961.447094489,0.450347056384017,55.9999999999982
58,6655.26038599556,11502.0795008875,15633.7487258166,5730.19950963498,9833.33437783105,392.758329017302,9032.85899698071,2798.62620326994,4856.84095869,1096.22947612221,642.96388213881,630.400895389678,1026.18141417938,39129.9435854749,1412.60891509104,138.066517584159,640.481381231974,140.521496039909,5962.87676494739,787.616465725024,480.11718163541,711.428546958591,136.078935347185,902.78665545387,375.845918963623,,,,2712.26198195075,1855.26149458512,,,478.860683534082,,,,263.897454283084,410.718006390018,757.590966186849,104.47235711957,32.4095056347935,,,240.996079228499,,,2318.9854316726,161.656017430467,59958.2814542705,6583.08237471736,745.821278991329,6342.18582098653,520.130112309273,284.803336858098,18899.5036181019,2031.40814402558,6338.72843303262,495.330362788523,67.6999999999998,198724.323221662,430910.563156166,0.4611730141079,56.9999999999982
59,6469.90079780928,11132.6194751358,15159.5451582105,5651.3570551846,9628.48431620842,367.993791704744,8775.76861340491,2491.6670233124,4743.42628663519,1037.04226668531,639.718288085465,627.878722855831,1021.2424094526,37766.8963406569,1389.17175135158,135.898702213093,630.937101039108,138.00919989602,5842.39427625506,775.659096837471,478.053184955243,705.377622955498,134.26438344327,896.896459901405,373.552269690211,,,,2571.52312268483,1659.76390275133,,,428.998737246112,,,,261.96716015871,408.427811741759,752.146907931851,101.551772733562,26.4499775365076,,,233.299885636902,,,2317.67503218,160.877275520155,59082.2672615974,6541.38376537222,741.970060550222,6310.10137156032,515.931026497054,283.561498691342,18712.3846799671,2018.7826232921,6307.867089698,492.913387675968,67.7999999999998,202916.080272941,429859.679217844,0.472051904570717,57.9999999999982
60,6284.54120962302,10763.1594493842,14685.3415906045,5572.51460073423,9423.6342545858,343.22925439219,8518.67822982914,2184.7078433549,4630.01161458038,977.855057248414,636.472694032119,625.356550321984,1016.30340472581,36403.8490958391,1365.73458761211,133.730886842027,621.392820846242,135.49690375213,5721.91178756274,763.701727949919,475.989188275077,699.326698952405,132.449831539355,891.006264348941,371.258620416799,,,,2430.78426341892,1464.26631091756,,,379.136790958147,,,,260.036866034336,406.137617093501,746.702849676853,98.631188347555,20.4904494382223,,,225.603692045306,,,2316.3646326874,160.098533609844,58206.2530689244,6499.68515602709,738.118842109115,6278.01692213412,511.731940684834,282.319660524586,18525.2657418322,2006.15710255862,6277.00574636337,490.496412563414,67.8999999999998,207107.837324219,428808.795279522,0.482984116940078,58.9999999999981
61,6099.18162143676,10393.6994236326,14211.1380229985,5493.67214628386,9218.78419296318,318.464717079635,8261.58784625338,1877.7486633974,4516.59694252558,918.667847811517,633.227099978774,622.834377788138,1011.36439999903,35040.8018510212,1342.29742387265,131.563071470961,611.848540653377,132.984607608241,5601.42929887043,751.744359062367,473.92519159491,693.275774949313,130.635279635441,885.116068796476,368.964971143387,,,,2290.04540415302,1268.76871908379,,,329.274844670183,,,,258.106571909962,403.847422445243,741.258791421855,95.7106039615476,14.5309213399371,,,217.907498453711,,,2315.0542331948,159.319791699532,57330.2388762515,6457.98654668196,734.267623668009,6245.93247270792,507.532854872615,281.077822357831,18338.1468036974,1993.53158182513,6246.14440302875,488.07943745086,67.9999999999998,211299.594375497,427757.9113412,0.493970044207913,59.999999999998
62,5913.82203325048,10024.2393978809,13736.9344553925,5414.82969183348,9013.93413134054,293.700179767078,8004.49746267758,1570.78948343987,4403.18227047077,859.480638374613,629.981505925428,620.312205254291,1006.42539527224,33677.7546062032,1318.86026013318,129.395256099895,602.304260460511,130.472311464351,5480.9468101781,739.786990174814,471.861194914744,687.22485094622,128.820727731526,879.225873244012,366.671321869976,,,,2149.3065448871,1073.27112725,,,279.412898382213,,,,256.176277785588,401.557227796984,735.814733166856,92.7900195755399,8.5713932416512,,,210.211304862114,,,2313.7438337022,158.541049789221,56454.2246835784,6416.28793733683,730.416405226901,6213.84802328171,503.333769060395,279.835984191075,18151.0278655626,1980.90606109165,6215.28305969412,485.662462338305,68.0999999999998,215491.351426776,426707.027402877,0.505010083237552,60.999999999998
63,5728.46244506421,9654.77937212928,13262.7308877864,5335.9872373831,8809.0840697179,268.93564245452,7747.40707910179,1263.83030348233,4289.76759841595,800.29342893771,626.735911872083,617.790032720445,1001.48639054546,32314.7073613852,1295.42309639372,127.227440728829,592.759980267644,127.960015320461,5360.46432148577,727.829621287261,469.797198234577,681.173926943127,127.006175827612,873.335677691547,364.377672596564,,,,2008.56768562118,877.773535416212,,,229.550952094243,,,,254.245983661214,399.267033148725,730.370674911858,89.869435189532,2.61186514336583,,,202.515111270517,,,2312.4334342096,157.762307878909,55578.2104909054,6374.5893279917,726.565186785794,6181.7635738555,499.134683248175,278.594146024319,17963.9089274277,1968.28054035817,6184.4217163595,483.24548722575,68.1999999999998,219683.108478054,425656.143464555,0.51610463481152,61.999999999998
64,5543.10285687794,9285.31934637767,12788.5273201805,5257.14478293273,8604.23400809528,244.17110514197,7490.31669552602,956.871123524835,4176.35292636114,741.106219500817,623.490317818737,615.2678601866,996.547385818677,30951.6601165673,1271.98593265425,125.059625357769,583.21570007478,125.447719176571,5239.98183279345,715.87225239971,467.733201554406,675.123002940034,125.191623923681,867.445482139083,362.084023323153,,,,1867.82882635527,682.275943582466,,,179.689005806245,,,,252.315689536839,396.976838500467,724.92661665686,86.948850803565,,,,194.818917678955,,,2311.123034717,156.983565968596,54702.1962982324,6332.89071864656,722.713968344689,6149.6791244293,494.935597435955,277.352307857564,17776.7899892929,1955.65501962469,6153.56037302488,480.828512113194,68.2999999999998,223873.191697854,424606.93335771,0.527248083133048,62.9999999999978
65,5357.74326869169,8915.85932062604,12314.3237525745,5178.30232848236,8399.38394647267,219.40656782941,7233.22631195025,649.911943567331,4062.93825430634,681.919010063915,620.244723765392,612.745687652752,991.608381091894,29588.6128717494,1248.54876891479,122.891809986697,573.671419881914,122.935423032682,5119.49934410113,703.914883512156,465.669204874244,669.072078936942,123.377072019783,861.555286586619,359.79037404974,,,,1727.08996708937,486.778351748677,,,129.827059518314,,,,250.385395412466,394.686643852209,719.482558401861,84.0282664175174,,,,187.122724087326,,,2309.8126352244,156.204824058286,53826.1821055595,6291.19210930143,718.862749903581,6117.5946750031,490.736511623737,276.110469690808,17589.671051158,1943.02949889121,6122.69902969025,478.411537000642,68.3999999999998,228061.968985084,423559.029183437,0.53844199573494,63.9999999999977
66,5172.38368050542,8546.39929487438,11840.1201849684,5099.45987403198,8194.53388485002,194.642030516853,6976.13592837446,342.95276360979,3949.52358225153,622.731800627012,616.999129712046,610.223515118905,986.66937636511,28225.5656269314,1225.11160517532,120.723994615631,564.127139689048,120.423126888793,4999.0168554088,691.957514624603,463.605208194078,663.021154933849,121.562520115868,855.665091034154,357.496724776328,,,,1586.35110782345,291.280759914886,,,79.9651132303436,,,,248.455101288092,392.39644920395,714.038500146863,81.1076820315096,,,,179.426530495729,,,2308.5022357318,155.426082147974,52950.1679128864,6249.4934999563,715.011531462474,6085.51022557689,486.537425811517,274.868631524052,17402.5521130232,1930.40397815772,6091.83768635563,475.994561888087,68.4999999999998,232250.746272313,422511.125009164,0.54969143420135,64.9999999999977
67,4987.02409231914,8176.93926912272,11365.9166173624,5020.6174195816,7989.68382322738,169.877493204295,6719.04554479866,35.9935836522558,3836.10891019671,563.544591190108,613.753535658701,607.701342585059,981.730371638326,26862.5183821134,1201.67444143586,118.556179244565,554.582859496181,117.910830744903,4878.53436671647,680.00014573705,461.541211513911,656.970230930756,119.747968211953,849.774895481689,355.203075502916,,,,1445.61224855753,95.7831680810944,,,30.1031669423736,,,,246.524807163717,390.106254555692,708.594441891864,78.1870976455019,,,,171.730336904132,,,2307.1918362392,154.647340237663,52074.1537202134,6207.79489061116,711.160313021367,6053.42577615068,482.338339999297,273.626793357296,17215.4331748883,1917.77845742424,6060.976343021,473.577586775532,68.5999999999998,236439.523559542,421463.22083489,0.560996812702118,65.9999999999977
68,4801.66450413288,7807.4792433711,10891.7130497564,4941.77496513123,7784.83376160477,145.112955891741,6461.95516122289,,3722.69423814191,504.357381753211,610.507941605355,605.179170051212,976.791366911543,25499.4711372955,1178.23727769639,116.388363873502,545.038579303316,115.398534601015,4758.05187802415,668.042776849498,459.477214833744,650.919306927664,117.933416308039,843.884699929225,352.909426229505,,,,1304.87338929163,,,,,,,,244.594513039343,387.816059907433,703.150383636866,75.2665132594946,,,,164.034143312538,,,2305.8814367466,153.868598327354,51198.1395275404,6166.09628126603,707.30909458026,6021.34132672448,478.139254187078,272.384955190541,17028.3142367535,1905.15293669076,6030.11499968638,471.160611662978,68.6999999999998,240034.637850139,420212.092463388,0.571222585344928,66.9999999999976
69,4616.30491594662,7438.01921761949,10417.5094821504,4862.93251068086,7579.98369998215,120.348418579186,6204.86477764713,,3609.2795660871,445.170172316314,607.26234755201,602.656997517366,971.852362184759,24136.4238924777,1154.80011395693,114.220548502433,535.49429911045,112.886238457124,4637.56938933183,656.085407961946,457.413218153578,644.868382924572,116.118864404124,837.994504376761,350.615776956093,,,,1164.13453002573,,,,,,,,242.664218914969,385.525865259175,697.706325381868,72.3459288734871,,,,156.33794972094,,,2304.571037254,153.08985641704,50322.1253348674,6124.3976719209,703.457876139153,5989.25687729827,473.940168374858,271.143117023785,16841.1952986187,1892.52741595728,5999.25365635175,468.743636550424,68.7999999999998,243440.87703432,418933.968904147,0.581096055951529,67.9999999999975
70,4430.94532776034,7068.55919186784,9943.30591454434,4784.09005623048,7375.13363835951,95.5838812666282,5947.77439407133,,3495.86489403229,385.982962879411,604.016753498664,600.134824983519,966.913357457976,22773.3766476596,1131.36295021746,112.052733131367,525.950018917584,110.373942313234,4517.0869006395,644.128039074392,455.349221473412,638.817458921478,114.30431250021,832.104308824296,348.322127682681,,,,1023.3956707598,,,,,,,,240.733924790595,383.235670610916,692.262267126869,69.4253444874794,,,,148.641756129344,,,2303.2606377614,152.311114506728,49446.1111421944,6082.69906257576,699.606657698046,5957.17242787206,469.741082562639,269.901278857029,16654.0763604838,1879.9018952238,5968.39231301713,466.326661437869,68.8999999999998,246847.116218502,417655.845344905,0.591029956768958,68.9999999999975
71,4245.58573957409,6699.09916611562,9469.10234693852,4705.24760178004,7170.28357673691,70.8193439540162,5690.6840104958,,3382.45022197767,326.795753442475,600.771159445343,597.612652449679,961.974352731149,21410.3294028402,1107.92578647801,109.884917760369,516.405738724714,107.861646169431,4396.60441194753,632.170670186751,453.285224793304,632.766534918415,112.489760596279,826.214113271842,346.02847840929,,,,882.656811494106,,,,,,,,238.803630666225,380.945475962695,686.818208871865,66.5047601011751,,,,140.94556253761,,,2301.95023826883,151.532372596429,48570.0969495235,6041.0004532305,695.755439256906,5925.08797844599,465.541996750373,268.659440690324,16466.9574223492,1867.27637449034,5937.53096968241,463.909686325053,68.9999999999998,250253.355402683,416377.721785664,0.601024844291512,69.9999999999975
72,4060.22615138794,6329.63914036474,8994.898779332,4626.40514732976,6965.4335151144,46.0548066415339,5433.59362691983,,3269.03554992266,267.608544005741,597.525565391994,595.090479915821,957.035348004396,20047.2821580242,1084.48862273851,107.717102389153,506.861458531834,105.349350025416,4276.12192325487,620.213301299351,451.221228113138,626.715610915295,110.675208692374,820.323917719396,343.734829135855,,,,741.91795222807,,,,,,,,236.873336541857,378.655281314385,681.374150616896,63.5841757156214,,,,133.249368946221,,,2300.6398387762,150.753630686128,47694.0827568483,5999.3018438855,691.90422081583,5893.00352901963,461.342910938265,267.417602523507,16279.8384842139,1854.65085375682,5906.66962634782,461.492711212725,69.0999999999997,253659.594586865,415099.598226423,0.611081281867448,70.9999999999974
73,3874.86656320156,5960.17911461294,8520.6952117263,4547.56269287935,6760.58345349164,21.2902693289612,5176.503243344,,3155.62087786787,208.421334568714,594.279971338628,592.56830738198,952.096343277625,18684.2349132059,1061.05145899907,105.549287018169,497.317178338987,102.837053881566,4155.63943456253,608.255932411735,449.157231432912,620.664686912201,108.860656788466,814.433722166903,341.441179862446,,,,601.179092962079,,,,,,,,234.943042417473,376.365086666141,675.930092361875,60.6635913294568,,,,125.553175354556,,,2299.32943928361,149.974888775793,46818.0685641754,5957.60323454037,688.053002374726,5860.91907959345,457.14382512598,266.175764356762,16092.7195460793,1842.02533302335,5875.80828301326,459.075736100206,69.1999999999997,257065.833771047,413821.474667182,0.621199839804819,71.9999999999973
74,3689.50697501528,5590.71908886128,8046.49164412025,4468.72023842897,6555.733391869,,4919.41285976821,,3042.20620581305,149.23412513181,591.034377285282,590.046134848133,947.157338550841,17321.1876683879,1037.6142952596,103.381471647103,487.772898146121,100.324757737676,4035.1569458702,596.298563524182,447.093234752746,614.613762909108,107.046104884551,808.543526614438,339.147530589034,,,,460.440233696158,,,,,,,,233.012748293099,374.074892017883,670.486034106876,57.7430069434491,,,,117.856981762959,,,2298.01903979101,149.196146865482,45942.0543715024,5915.90462519524,684.201783933619,5828.83463016724,452.94473931376,264.933926190006,15905.6006079444,1829.39981228987,5844.94693967863,456.658760987651,69.2999999999997,260468.598687246,412543.35110794,0.631372673896507,72.9999999999973
75,3504.147386829,5221.25906310961,7572.2880765142,4389.87778397859,6350.88333024635,,4662.32247619242,,2928.79153375823,90.046915694907,587.788783231937,587.523962314286,942.218333824057,15958.1404235699,1014.17713152013,101.213656276037,478.228617953254,97.8124615937865,3914.67445717787,584.341194636628,445.029238072579,608.562838906015,105.231552980637,802.653331061974,336.853881315622,,,,319.701374430236,,,,,,,,231.082454168724,371.784697369624,665.041975851877,54.8224225574413,,,,110.160788171362,,,2296.70864029841,148.41740495517,45066.0401788293,5874.2060158501,680.350565492512,5796.75018074103,448.74565350154,263.692088023251,15718.4816698096,1816.77429155639,5814.085596344,454.241785875097,69.3999999999997,263850.073334115,411265.227548699,0.64155697019844,73.9999999999973
76,3318.78779864274,4851.799037358,7098.0845089082,4311.03532952822,6146.03326862374,,4405.23209261664,,2815.37686170343,30.8597062580095,584.543189178592,585.00178978044,937.279329097274,14595.093178752,990.73996778067,99.0458409049709,468.684337760389,95.3001654498971,3794.19196848555,572.383825749076,442.965241392413,602.511914902922,103.417001076722,796.76313550951,334.56023204221,,,,178.962515164334,,,,,,,,229.15216004435,369.494502721366,659.597917596879,51.9018381714339,,,,102.464594579766,,,2295.39824080581,147.638663044859,44190.0259861564,5832.50740650497,676.499347051405,5764.66573131483,444.546567689321,262.450249856495,15531.3627316747,1804.14877082291,5783.22425300938,451.824810762542,69.4999999999997,267231.547980984,409987.103989457,0.651804765029526,74.9999999999972
77,3133.42821045647,4482.33901160638,6623.88094130222,4232.19287507785,5941.18320700112,,4148.14170904089,,2701.96218964863,,581.297595125246,582.479617246593,932.34032437049,13232.0459339341,967.302804041206,96.8780255339094,459.140057567523,92.787869306005,3673.70947979324,560.426456861525,440.901244712245,596.46099089983,101.602449172807,790.872939957046,332.266582768798,,,,38.2236558984159,,,,,,,,227.221865919975,367.204308073108,654.153859341881,48.9812537854265,,,,94.7684009881626,,,2294.08784131321,146.859921134548,43314.0117934834,5790.80879715984,672.648128610298,5732.58128188862,440.347481877103,261.208411689739,15344.2437935399,1791.52325008943,5752.36290967476,449.407835649991,69.5999999999997,270584.695124674,408708.980430216,0.66204734439613,75.999999999997
78,2948.0686222702,4112.87898585472,6149.67737369618,4153.35042062748,5736.33314537848,,3891.05132546508,,2588.54751759381,,578.052001071901,579.957444712747,927.401319643707,11868.9986891161,943.86564030174,94.7102101628388,449.595777374657,90.2755731621179,3553.22699110091,548.469087973971,438.83724803208,590.410066896737,99.7878972688931,784.982744404581,329.972933495387,,,,,,,,,,,,225.291571795602,364.914113424849,648.709801086882,46.0606693994188,,,,87.072207396574,,,2292.77744182061,146.081179224236,42437.9976008103,5749.1101878147,668.796910169191,5700.49683246242,436.148396064882,259.966573522983,15157.124855405,1778.89772935594,5721.50156634013,446.990860537433,69.6999999999997,273804.467358739,407430.856870974,0.672026830421064,76.999999999997
79,2762.70903408397,3743.41896010173,5675.473806091,4074.50796617691,5531.48308375488,,3633.96094188916,,2475.13284553955,,574.80640701857,577.435272178882,922.462314916908,10505.9514442978,920.428476562229,92.5423947917911,440.051497181823,87.7632770182024,3432.74450240871,536.51171908643,436.773251351918,584.359142893668,97.9733453649816,779.09254885211,327.679284221963,,,,,,,,,,,,223.361277671212,362.623918776595,643.265742831869,43.1400850133246,,,,79.376013805051,,,2291.46704232799,145.302437313927,41561.9834081372,5707.41157846989,664.945691728103,5668.41238303592,431.949310252614,258.724735356239,14970.0059172698,1766.27220862241,5690.64022300535,444.573885424913,69.7999999999997,276986.015936907,406152.733311733,0.681975013878124,77.999999999997
80,2577.3494458977,3373.9589343512,5201.27023848418,3995.66551172673,5326.63302213285,,3376.8705583135,,2361.71817348417,,571.560812965206,574.913099645055,917.523310190131,9142.90419947966,896.991312822832,90.3745794206972,430.50721698891,85.250980874353,3312.26201371639,524.554350198896,434.709254671738,578.308218890552,96.1587934610669,773.20235329965,325.385634948562,,,,,,,,,,,,221.430983546846,360.333724128339,637.821684576883,40.219500627443,,,,71.6798202133294,,,2290.15664283541,144.523695403609,40685.9692154628,5665.71296912444,661.094473286988,5636.32793361,427.750224440402,257.482897189468,14782.8869791354,1753.64668788901,5659.77887967085,442.15691031236,69.8999999999997,280167.564515073,404874.609752491,0.691986006942609,78.9999999999969
81,2391.98985771141,3004.49890859983,4727.06667087813,3916.82305727635,5121.78296051061,,3119.78017473775,,2248.30350142939,,568.315218911864,572.390927111207,912.584305463356,7779.85695466235,873.554149083346,88.206764049641,420.96293679606,82.7386847304494,3191.77952502394,512.596981311314,432.64525799158,572.257294887459,94.3442415571495,767.312157747188,323.091985675152,,,,,,,,,,,,219.50068942248,358.043529480074,632.377626321888,37.2989162413963,,,,63.9836266217855,,,2288.84624334281,143.744953493301,39809.9550227914,5624.01435977931,657.243254845871,5604.2434841838,423.551138628224,256.241059022716,14595.7680410005,1741.0211671555,5628.91753633626,439.73993519977,69.9999999999997,283349.113093238,403596.48619325,0.702060406337543,79.9999999999968
82,2206.63026952554,2635.03888284804,4252.86310327184,3837.98060282614,4916.93289888795,,2862.68979116106,,2134.88882937413,,565.069624858596,569.868754577352,907.645300736573,6416.80970984209,850.116985343889,86.0389486785274,411.418656604064,80.2263885862802,3071.29703633231,500.639612423159,430.581261311383,566.20637088447,92.5296896532498,761.421962194774,320.798336401798,,,,,,,,,,,,217.5703952983,355.753334831864,626.93356806677,34.3783318552701,,,,56.2874330310508,,,2287.53584385019,142.966211582957,38933.9408301201,5582.31575043418,653.392036404759,5572.1590347576,419.352052816475,254.99922085599,14408.6491028657,1728.39564642162,5598.05619300163,437.322960086714,70.0999999999997,286530.661671405,402318.362634009,0.712198816368874,80.9999999999968
83,2021.27068133854,2265.57885709576,3778.65953566635,3759.13814837569,4712.08283726514,,2605.59940758629,,2021.47415731977,,561.824030805173,567.346582043524,902.706296009806,5053.76246502392,826.679821604886,83.8711333072852,401.874376410159,77.7140924427795,2950.81454763946,488.68224353664,428.517264631081,560.155446881285,90.7151377492836,755.531766642211,318.50468712832,,,,,,,,,,,,215.640101173828,353.463140183583,621.489509811839,31.457747469412,,,,48.5912394379263,,,2286.22544435759,142.187469672596,38057.9266374456,5540.61714108902,649.54081796359,5540.07458533127,415.152967003872,253.757382689216,14221.5301647308,1715.77012568849,5567.194849667,434.90598497453,70.1999999999997,289712.210249573,401040.239074766,0.722401849046279,81.9999999999968
84,1835.9110931526,1896.1188313449,3304.45596806005,3680.29569392522,4507.23277564271,,2348.5090240104,,1908.05948526496,,558.578436751828,564.824409509668,897.767291283005,3690.71522020844,803.242657864949,81.7033179364429,392.330096217462,75.2017962987805,2830.33205894696,476.724874648655,426.453267951081,554.104522878181,88.9005858454057,749.641571089794,316.211037854916,,,,,,,,,,,,213.709807049357,351.172945535298,616.045451556892,28.5371630833734,,,,40.8950458469964,,,2284.91504486502,141.408727762366,37181.9124447723,5498.91853174391,645.68959952255,5507.99013590518,410.953881191564,252.515544522449,14034.411226596,1703.14460495505,5536.33350633238,432.489009862107,70.2999999999997,292893.758827737,399762.115515526,0.732670124206308,82.9999999999967
85,1650.55150496635,1526.65880559328,2830.25240045405,3601.45323947485,4302.3827140201,,2091.41864043463,,1794.64481321015,,555.332842698482,562.302236975821,892.828286556222,2327.6679753906,779.805494125485,79.535502565377,382.785816024597,72.6895001548911,2709.84957025464,464.767505761103,424.389271270914,548.053598875088,87.0860339414912,743.75137553733,313.917388581504,,,,,,,,,,,,211.779512924983,348.88275088704,610.601393301894,25.616578697366,,,,33.1988522554006,,,2283.60464537241,140.629985852054,36305.8982520994,5457.21992239878,641.838381081443,5475.90568647898,406.754795379345,251.273706355694,13847.2922884611,1690.51908422157,5505.47216299776,430.072034749552,70.3999999999997,296075.307405903,398483.991956285,0.743004269637973,83.9999999999966
86,1465.19191678006,1157.19877984163,2356.04883284801,3522.61078502447,4097.53265239745,,1834.32825685883,,1681.23014115534,,552.087248645137,559.780064441974,887.889281829438,964.620730572568,756.368330386019,77.3676871943109,373.24153583173,70.1772040110014,2589.36708156231,452.81013687355,422.325274590748,542.002674871995,85.2714820375765,737.861179984865,311.623739308093,,,,,,,,,,,,209.849218800609,346.592556238781,605.157335046896,22.6959943113583,,,,25.5026586638039,,,2282.29424587982,139.851243941743,35429.8840594263,5415.52131305364,637.987162640336,5443.82123705277,402.555709567125,250.031868188938,13660.1733503263,1677.89356348809,5474.61081966314,427.655059636998,70.4999999999997,299256.85598407,397205.868397044,0.753404921210619,84.9999999999966
87,1279.83232859379,787.738754089964,1881.84526524196,3443.76833057409,3892.68259077481,,1577.23787328304,,1567.81546910052,,548.841654591791,557.257891908128,882.950277102654,,732.931166646552,75.1998718232447,363.697255638864,67.6649078671116,2468.88459286998,440.852767985996,420.261277910581,535.951750868902,83.4569301336618,731.9709844324,309.330090034681,,,,,,,,,,,,207.918924676235,344.302361590523,599.713276791897,19.7754099253505,,,,17.8064650722072,,,2280.98384638722,139.072502031431,34553.8698667532,5373.82270370851,634.135944199229,5411.73678762656,398.356623754906,248.790030022182,13473.0544121914,1665.2680427546,5443.74947632851,425.238084524443,70.5999999999996,302239.191305114,396126.958094925,0.762985666915119,85.9999999999966
88,1094.47274040753,418.278728338348,1407.64169763596,3364.92587612372,3687.83252915219,,1320.14748970727,,1454.40079704572,,545.596060538446,554.735719374282,878.01127237587,,709.494002907089,73.0320564521788,354.152975445999,65.1526117232222,2348.40210417766,428.895399098444,418.197281230414,529.90082686581,81.6423782297474,726.080788879937,307.036440761269,,,,,,,,,,,,205.988630551861,342.012166942265,594.269218536899,16.854825539343,,,,10.1102714806117,,,2279.67344689462,138.29376012112,33677.8556740803,5332.12409436338,630.284725758122,5379.65233820036,394.157537942686,247.548191855426,13285.9354740566,1652.64252202112,5412.88813299388,422.821109411889,70.6999999999996,304739.216260871,395530.358158093,0.770457210111461,86.9999999999965
89,909.113152221282,48.8187025867355,933.438130029968,3286.08342167335,3482.98246752957,,1063.0571061315,,1340.98612499091,,542.3504664851,552.213546840435,873.072267649088,,686.056839167632,70.8642410811114,344.608695253128,62.640315579332,2227.91961548535,416.938030210873,416.133284550248,523.849902862717,79.8278263258337,720.190593327473,304.742791487856,,,,,,,,,,,,204.058336427487,339.721972294006,588.825160281901,13.9342411533489,,,,2.41407788901592,,,2278.36304740202,137.515018210808,32801.8414814073,5290.42548501824,626.433507317017,5347.56788877416,389.958452130464,246.306353688671,13098.8165359218,1640.01700128764,5382.02678965926,420.404134299336,70.7999999999996,307239.241216628,394933.75822126,0.777951326826051,87.9999999999964
90,723.753564034996,,459.23456242393,3207.24096722297,3278.13240590694,,805.966722555712,,1227.5714529361,,539.104872431755,549.691374306588,868.133262922303,,662.619675428158,68.6964257100467,335.064415060266,60.1280194354431,2107.43712679301,404.980661323339,414.069287870082,517.798978859624,78.0132744219182,714.300397775008,302.449142214445,,,,,,,,,,,,202.128042303113,337.431777645748,583.381102026902,11.0136567673282,,,,,,,2277.05264790942,136.736276300497,31925.8272887342,5248.72687567311,622.582288875908,5315.48343934794,385.759366318247,245.064515521915,12911.6975977869,1627.39148055416,5351.16544632463,417.98715918678,70.8999999999996,309415.98379137,394339.79934228,0.784643052279901,88.9999999999964
91,538.393975848717,,,3128.39851277259,3073.2823442843,,548.876338979912,,1114.15678088128,,535.859278378409,547.169201772742,863.194258195519,,639.182511688692,66.5286103389807,325.520134867401,57.6157232915534,1986.95463810068,393.023292435786,412.005291189915,511.748054856532,76.1987225180035,708.410202222543,300.155492941033,,,,,,,,,,,,200.197748178739,335.141582997489,577.937043771904,8.09307238132032,,,,,,,2275.74224841682,135.957534390185,31049.8130960612,5207.02826632798,618.731070434801,5283.39898992174,381.560280506027,243.822677355159,12724.578659652,1614.76595982068,5320.30410299001,415.570184074225,70.9999999999996,311527.731619398,393747.047502243,0.791187473266383,89.9999999999964
92,353.034387662458,,,3049.55605832222,2868.43228266168,,291.785955404146,,1000.74210882648,,532.613684325064,544.647029238895,858.255253468736,,615.745347949228,64.3607949679148,315.975854674536,55.1034271476638,1866.47214940837,381.065923548234,409.941294509748,505.697130853439,74.3841706140891,702.520006670079,297.861843667622,,,,,,,,,,,,198.267454054364,332.851388349231,572.492985516906,5.17248799531303,,,,,,,2274.43184892422,135.178792479874,30173.7989033882,5165.32965698285,614.879851993695,5251.31454049554,377.361194693808,242.580839188403,12537.4597215172,1602.1404390872,5289.44275965538,413.153208961671,71.0999999999996,313180.244885002,393154.295662206,0.796583550886807,90.9999999999962
93,167.674799476201,,,2970.71360387185,2663.58222103906,,34.6955718283774,,887.327436771675,,529.368090271718,542.124856705049,853.316248741953,,592.308184209764,62.192979596849,306.43157448167,52.5911310037746,1745.98966071605,369.108554660682,407.877297829582,499.646206850347,72.5696187101746,696.629811117615,295.56819439421,,,,,,,,,,,,196.33715992999,330.561193700972,567.048927261908,2.25190360930551,,,,,,,2273.12144943162,134.400050569562,29297.7847107153,5123.63104763772,611.028633552588,5219.23009106933,373.162108881589,241.339001021648,12350.3407833824,1589.51491835371,5258.58141632076,410.736233849117,71.1999999999996,314832.758150605,392561.543822169,0.801995924219273,91.9999999999961
94,,,,2891.87114942147,2458.73215941642,,,,773.91276471686,,526.122496218373,539.602684171202,848.377244015169,,568.871020470297,60.0251642257829,296.887294288804,50.0788348598848,1625.50717202372,357.151185773128,405.813301149415,493.595282847254,70.7550668062599,690.73961556515,293.274545120798,,,,,,,,,,,,194.406865805616,328.270999052714,561.604869006909,,,,,,,,2271.81104993902,133.62130865925,28421.7705180422,5081.93243829258,607.177415111481,5187.14564164312,368.963023069369,240.097162854892,12163.2218452475,1576.88939762023,5227.72007298614,408.319258736562,71.2999999999996,316244.857475363,391969.126322521,0.806810629302345,92.9999999999961
95,,,,2813.02869497109,2253.88209779378,,,,660.498092662046,,522.876902165027,537.080511637356,843.438239288385,,545.433856730831,57.8573488547168,287.343014095937,47.5665387159951,1505.02468333138,345.193816885575,403.749304469249,487.544358844161,68.9405149023453,684.849420012685,290.980895847386,,,,,,,,,,,,192.476571681242,325.980804404455,556.16081075191,,,,,,,,2270.50065044642,132.842566748939,27545.7563253692,5040.23382894745,603.326196670374,5155.06119221691,364.763937257149,238.855324688136,11976.1029071127,1564.26387688675,5196.85872965151,405.902283624007,71.3999999999996,317453.460477012,391377.834774678,0.811117626678515,93.9999999999961
96,,,,2734.18624052072,2049.03203617116,,,,547.083420607241,,519.631308111682,534.558339103509,838.499234561602,,521.996692991367,55.6895334836509,277.798733903072,45.0542425721057,1384.54219463907,333.236447998023,401.685307789083,481.493434841068,67.1259629984308,678.959224460221,288.687246573974,,,,,,,,,,,,190.546277556868,323.690609756197,550.716752496912,,,,,,,,2269.19025095382,132.063824838627,26669.7421326962,4998.53521960232,599.474978229267,5122.97674279071,360.56485144493,237.613486521381,11788.9839689778,1551.63835615327,5165.99738631688,403.485308511453,71.4999999999996,318662.063478661,390786.543226834,0.815437657723266,94.999999999996
97,,,,2655.34378607034,1844.18197454855,,,,433.668748552437,,516.385714058336,532.036166569663,833.560229834818,,498.559529251903,53.521718112585,268.254453710207,42.5419464282162,1264.05970594675,321.279079110471,399.621311108916,475.442510837976,65.3114110945164,673.069028907757,286.393597300563,,,,,,,,,,,,188.615983432494,321.400415107939,545.272694241914,,,,,,,,2267.87985146122,131.285082928316,25793.7279400233,4956.83661025718,595.62375978816,5090.89229336451,356.36576563271,236.371648354625,11601.865030843,1539.01283541979,5135.13604298226,401.068333398899,71.5999999999996,319870.66648031,390195.251678991,0.819770781689226,95.9999999999959
98,,,,2576.50133161996,1639.33191292591,,,,320.254076497623,,513.140120004991,529.513994035816,828.621225108034,,475.122365512437,51.3539027415188,258.71017351734,40.0296502843265,1143.57721725442,309.321710222918,397.55731442875,469.391586834883,63.4968591906017,667.178833355292,284.099948027151,,,,,,,,,,,,186.68568930812,319.11022045968,539.828635986916,,,,,,,,2266.56945196863,130.506341018004,24917.7137473502,4915.13800091205,591.772541347053,5058.8078439383,352.16667982049,235.129810187869,11414.7460927081,1526.3873146863,5104.27469964764,398.651358286344,71.6999999999996,321079.269481959,389603.960131147,0.824117058188728,96.9999999999959
99,,,,2497.65887716958,1434.48185130327,,,,206.839404442805,,509.894525951645,526.991821501969,823.68222038125,,451.685201772971,49.1860873704528,249.165893324474,37.5173541404369,1023.09472856209,297.364341335364,395.493317748583,463.34066283179,61.682307286687,661.288637802828,281.806298753739,,,,,,,,,,,,184.755395183746,316.820025811422,534.384577731917,,,,,,,,2265.25905247603,129.727599107692,24041.6995546771,4873.43939156692,587.921322905946,5026.72339451209,347.967594008271,233.887972021113,11227.6271545733,1513.76179395282,5073.41335631301,396.23438317379,71.7999999999996,322287.872483608,389012.668583303,0.828476547196543,97.9999999999959
100,,,,2418.81642271921,1229.63178968065,,,,93.4247323879997,,506.648931898299,524.469648968123,818.743215654467,,428.248038033505,47.018271999387,239.621613131609,35.0050579965477,902.61223986977,285.406972447813,393.429321068416,457.289738828698,59.8677553827722,655.398442250363,279.512649480327,,,,,,,,,,,,182.825101059372,314.529831163163,528.940519476919,,,,,,,,2263.94865298343,128.948857197381,23165.6853620042,4831.74078222178,584.070104464839,4994.63894508589,343.768508196051,232.646133854358,11040.5082164385,1501.13627321934,5042.55201297839,393.817408061236,71.8999999999996,323496.475485257,388421.37703546,0.832849309052638,98.9999999999958