,AlfalfaHay361,AlfalfaHay362,AlfalfaHay363,AlfalfaHay364,AlfalfaHay367,AlfalfaHay371,AlfalfaHay372,AlfalfaHay374,AlfalfaHay400,AlfalfaHay404,AlfalfaHaylage364,AlfalfaHaylage372,AlfalfaHaylage374,Barley363,Barley371,Barley383,CornSilage374,GrassHay360,GrassHay361,GrassHay362,GrassHay363,GrassHay371,GrassHay372,GrassHay374,GrassHay375,GrassHay378,GrassHay383,GrassHay399,GrassHay400,GrassHay402,GrassHay403,GrassHay404,GrassHaylage371,GrassHaylage372,GrassHaylage373,GrassHaylage374,GrassHaylage383,GrassHaylage403,Oats374,Oats399,SpringWheat371,SpringWheat383,POP PRICE,POPLAR0,TOTALAC,POPSHARE,POPPROF
1,526.376128997367,966.213920109439,781.051157228338,821.93381213302,67.2427884988222,12169.4648449056,899.425844849451,846.505269984618,1612.22521170636,87.0327105545336,305.030602296132,205.287672305542,897.75315659995,11.0916012851356,571.080023955159,49.0643276848933,718.071799999997,584.058400000006,541.112513513415,964.069701972151,391.495168437838,2694.03336531179,5803.22991410206,865.227449726803,466.183091213267,1402.94845791876,403.237134395473,1508.14796917555,869.501587043572,451.406445694478,64.3824275484914,104.641704086532,100.993277647722,613.349503116472,171.839880910391,2413.35472567472,733.19879833362,122.283402659219,1967.37418404899,107.791694707855,381.815754621644,569.056900000002,62,,45829.5843249552,,
2,526.376128997367,966.213920109439,781.051157228338,821.93381213302,67.2427884988222,12169.4648449056,899.425844849451,846.505269984618,1612.22521170636,87.0327105545336,305.030602296132,205.287672305542,897.75315659995,11.0916012851356,571.080023955159,49.0643276848933,718.071799999997,584.058400000006,541.112513513415,964.069701972151,391.495168437838,2694.03336531179,5803.22991410206,865.227449726803,466.183091213267,1402.94845791876,403.237134395473,1508.14796917555,869.501587043572,451.406445694478,64.3824275484914,104.641704086532,100.993277647722,613.349503116472,171.839880910391,2413.35472567472,733.19879833362,122.283402659219,1967.37418404899,107.791694707855,381.815754621644,569.056900000002,62.1,,45829.5843249552,,1
3,526.376128997367,966.213920109439,781.051157228338,821.93381213302,67.2427884988222,12169.4648449056,899.425844849451,846.505269984618,1612.22521170636,87.0327105545336,305.030602296132,205.287672305542,897.75315659995,11.0916012851356,571.080023955159,49.0643276848933,718.071799999997,584.058400000006,541.112513513415,964.069701972151,391.495168437838,2694.03336531179,5803.22991410206,865.227449726803,466.183091213267,1402.94845791876,403.237134395473,1508.14796917555,869.501587043572,451.406445694478,64.3824275484914,104.641704086532,100.993277647722,613.349503116472,171.839880910391,2413.35472567472,733.19879833362,122.283402659219,1967.37418404899,107.791694707855,381.815754621644,569.056900000002,62.2,,45829.5843249552,,2
4,526.376128997367,966.213920109439,781.051157228338,821.93381213302,67.2427884988222,12169.4648449056,899.425844849451,846.505269984618,1612.22521170636,87.0327105545336,305.030602296132,205.287672305542,897.75315659995,11.0916012851356,571.080023955159,49.0643276848933,718.071799999997,584.058400000006,541.112513513415,964.069701972151,391.495168437838,2694.03336531179,5803.22991410206,865.227449726803,466.183091213267,1402.94845791876,403.237134395473,1508.14796917555,869.501587043572,451.406445694478,64.3824275484914,104.641704086532,100.993277647722,613.349503116472,171.839880910391,2413.35472567472,733.19879833362,122.283402659219,1967.37418404899,107.791694707855,381.815754621644,569.056900000002,62.3,,45829.5843249552,,3
5,526.376128997367,966.213920109439,781.051157228338,821.93381213302,67.2427884988222,12169.4648449056,899.425844849451,846.505269984618,1612.22521170636,87.0327105545336,305.030602296132,205.287672305542,897.75315659995,11.0916012851356,571.080023955159,49.0643276848933,718.071799999997,584.058400000006,541.112513513415,964.069701972151,391.495168437838,2694.03336531179,5803.22991410206,865.227449726803,466.183091213267,1402.94845791876,403.237134395473,1508.14796917555,869.501587043572,451.406445694478,64.3824275484914,104.641704086532,100.993277647722,613.349503116472,171.839880910391,2413.35472567472,733.19879833362,122.283402659219,1967.37418404899,107.791694707855,381.815754621644,569.056900000002,62.4,,45829.5843249552,,4
6,526.376128997367,966.213920109439,781.051157228338,821.93381213302,67.2427884988222,12169.4648449056,899.425844849451,846.505269984618,1612.22521170636,87.0327105545336,305.030602296132,205.287672305542,897.75315659995,11.0916012851356,571.080023955159,49.0643276848933,718.071799999997,584.058400000006,541.112513513415,964.069701972151,391.495168437838,2694.03336531179,5803.22991410206,865.227449726803,466.183091213267,1402.94845791876,403.237134395473,1508.14796917555,869.501587043572,451.406445694478,64.3824275484914,104.641704086532,100.993277647722,613.349503116472,171.839880910391,2413.35472567472,733.19879833362,122.283402659219,1967.37418404899,107.791694707855,381.815754621644,569.056900000002,62.5,,45829.5843249552,,5.00000000000011
7,526.376128997367,966.213920109439,781.051157228338,821.93381213302,67.2427884988222,12169.4648449056,899.425844849451,846.505269984618,1612.22521170636,87.0327105545336,305.030602296132,205.287672305542,897.75315659995,11.0916012851356,571.080023955159,49.0643276848933,718.071799999997,584.058400000006,541.112513513415,964.069701972151,391.495168437838,2694.03336531179,5803.22991410206,865.227449726803,466.183091213267,1402.94845791876,403.237134395473,1508.14796917555,869.501587043572,451.406445694478,64.3824275484914,104.641704086532,100.993277647722,613.349503116472,171.839880910391,2413.35472567472,733.19879833362,122.283402659219,1967.37418404899,107.791694707855,381.815754621644,569.056900000002,62.6,,45829.5843249552,,6.00000000000011
8,526.376128997367,966.213920109439,781.051157228338,821.93381213302,67.2427884988222,12169.4648449056,899.425844849451,846.505269984618,1612.22521170636,87.0327105545336,305.030602296132,205.287672305542,897.75315659995,11.0916012851356,571.080023955159,49.0643276848933,718.071799999997,584.058400000006,541.112513513415,964.069701972151,391.495168437838,2694.03336531179,5803.22991410206,865.227449726803,466.183091213267,1402.94845791876,403.237134395473,1508.14796917555,869.501587043572,451.406445694478,64.3824275484914,104.641704086532,100.993277647722,613.349503116472,171.839880910391,2413.35472567472,733.19879833362,122.283402659219,1967.37418404899,107.791694707855,381.815754621644,569.056900000002,62.7,,45829.5843249552,,7.00000000000011
9,526.376128997367,966.213920109439,781.051157228338,821.93381213302,67.2427884988222,12169.4648449056,899.425844849451,846.505269984618,1612.22521170636,87.0327105545336,305.030602296132,205.287672305542,897.75315659995,11.0916012851356,571.080023955159,49.0643276848933,718.071799999997,584.058400000006,541.112513513415,964.069701972151,391.495168437838,2694.03336531179,5803.22991410206,865.227449726803,466.183091213267,1402.94845791876,403.237134395473,1508.14796917555,869.501587043572,451.406445694478,64.3824275484914,104.641704086532,100.993277647722,613.349503116472,171.839880910391,2413.35472567472,733.19879833362,122.283402659219,1967.37418404899,107.791694707855,381.815754621644,569.056900000002,62.8,,45829.5843249552,,8.00000000000011
10,526.376128997367,966.213920109439,781.051157228338,821.93381213302,67.2427884988222,12169.4648449056,899.425844849451,846.505269984618,1612.22521170636,87.0327105545336,305.030602296132,205.287672305542,897.75315659995,11.0916012851356,571.080023955159,49.0643276848933,718.071799999997,584.058400000006,541.112513513415,964.069701972151,391.495168437838,2694.03336531179,5803.22991410206,865.227449726803,466.183091213267,1402.94845791876,403.237134395473,1508.14796917555,869.501587043572,451.406445694478,64.3824275484914,104.641704086532,100.993277647722,613.349503116472,171.839880910391,2413.35472567472,733.19879833362,122.283402659219,1967.37418404899,107.791694707855,381.815754621644,569.056900000002,62.9,,45829.5843249552,,9.00000000000011
11,526.376128997367,966.213920109439,781.051157228338,821.93381213302,67.2427884988222,12169.4648449056,899.425844849451,846.505269984618,1612.22521170636,87.0327105545336,305.030602296132,205.287672305542,897.75315659995,11.0916012851356,571.080023955159,49.0643276848933,718.071799999997,584.058400000006,541.112513513415,964.069701972151,391.495168437838,2694.03336531179,5803.22991410206,865.227449726803,466.183091213267,1402.94845791876,403.237134395473,1508.14796917555,869.501587043572,451.406445694478,64.3824275484914,104.641704086532,100.993277647722,613.349503116472,171.839880910391,2413.35472567472,733.19879833362,122.283402659219,1967.37418404899,107.791694707855,381.815754621644,569.056900000002,63,,45829.5843249552,,10.0000000000001
12,526.376128997367,966.213920109439,781.051157228338,821.93381213302,67.2427884988222,12169.4648449056,899.425844849451,846.505269984618,1612.22521170636,87.0327105545336,305.030602296132,205.287672305542,897.75315659995,11.0916012851356,571.080023955159,49.0643276848933,718.071799999997,584.058400000006,541.112513513415,964.069701972151,391.495168437838,2694.03336531179,5803.22991410206,865.227449726803,466.183091213267,1402.94845791876,403.237134395473,1508.14796917555,869.501587043572,451.406445694478,64.3824275484914,104.641704086532,100.993277647722,613.349503116472,171.839880910391,2413.35472567472,733.19879833362,122.283402659219,1967.37418404899,107.791694707855,381.815754621644,569.056900000002,63.1,,45829.5843249552,,11.0000000000001
13,526.376128997367,966.213920109439,781.051157228338,821.93381213302,67.2427884988222,12169.4648449056,899.425844849451,846.505269984618,1612.22521170636,87.0327105545336,305.030602296132,205.287672305542,897.75315659995,11.0916012851356,571.080023955159,49.0643276848933,718.071799999997,584.058400000006,541.112513513415,964.069701972151,391.495168437838,2694.03336531179,5803.22991410206,865.227449726803,466.183091213267,1402.94845791876,403.237134395473,1508.14796917555,869.501587043572,451.406445694478,64.3824275484914,104.641704086532,100.993277647722,613.349503116472,171.839880910391,2413.35472567472,733.19879833362,122.283402659219,1967.37418404899,107.791694707855,381.815754621644,569.056900000002,63.2,,45829.5843249552,,12.0000000000002
14,526.376128997367,966.213920109439,781.051157228338,821.93381213302,67.2427884988222,12169.4648449056,899.425844849451,846.505269984618,1612.22521170636,87.0327105545336,305.030602296132,205.287672305542,897.75315659995,11.0916012851356,571.080023955159,49.0643276848933,718.071799999997,584.058400000006,541.112513513415,964.069701972151,391.495168437838,2694.03336531179,5803.22991410206,865.227449726803,466.183091213267,1402.94845791876,403.237134395473,1508.14796917555,869.501587043572,451.406445694478,64.3824275484914,104.641704086532,100.993277647722,613.349503116472,171.839880910391,2413.35472567472,733.19879833362,122.283402659219,1967.37418404899,107.791694707855,381.815754621644,569.056900000002,63.3,,45829.5843249552,,13.0000000000002
15,526.376128997367,966.213920109439,781.051157228338,821.93381213302,67.2427884988222,12169.4648449056,899.425844849451,846.505269984618,1612.22521170636,87.0327105545336,305.030602296132,205.287672305542,897.75315659995,11.0916012851356,571.080023955159,49.0643276848933,718.071799999997,584.058400000006,541.112513513415,964.069701972151,391.495168437838,2694.03336531179,5803.22991410206,865.227449726803,466.183091213267,1402.94845791876,403.237134395473,1508.14796917555,869.501587043572,451.406445694478,64.3824275484914,104.641704086532,100.993277647722,613.349503116472,171.839880910391,2413.35472567472,733.19879833362,122.283402659219,1967.37418404899,107.791694707855,381.815754621644,569.056900000002,63.4,,45829.5843249552,,14.0000000000002
16,526.376128997367,966.213920109439,781.051157228338,821.93381213302,67.2427884988222,12169.4648449056,899.425844849451,846.505269984618,1612.22521170636,87.0327105545336,305.030602296132,205.287672305542,897.75315659995,11.0916012851356,571.080023955159,49.0643276848933,718.071799999997,584.058400000006,541.112513513415,964.069701972151,391.495168437838,2694.03336531179,5803.22991410206,865.227449726803,466.183091213267,1402.94845791876,403.237134395473,1508.14796917555,869.501587043572,451.406445694478,64.3824275484914,104.641704086532,100.993277647722,613.349503116472,171.839880910391,2413.35472567472,733.19879833362,122.283402659219,1967.37418404899,107.791694707855,381.815754621644,569.056900000002,63.5,,45829.5843249552,,15.0000000000002
17,526.376128997367,966.213920109439,781.051157228338,821.93381213302,67.2427884988222,12169.4648449056,899.425844849451,846.505269984618,1612.22521170636,87.0327105545336,305.030602296132,205.287672305542,897.75315659995,11.0916012851356,571.080023955159,49.0643276848933,718.071799999997,584.058400000006,541.112513513415,964.069701972151,391.495168437838,2694.03336531179,5803.22991410206,865.227449726803,466.183091213267,1402.94845791876,403.237134395473,1508.14796917555,869.501587043572,451.406445694478,64.3824275484914,104.641704086532,100.993277647722,613.349503116472,171.839880910391,2413.35472567472,733.19879833362,122.283402659219,1967.37418404899,107.791694707855,381.815754621644,569.056900000002,63.6,,45829.5843249552,,16.0000000000002
18,526.376128997367,966.213920109439,781.051157228338,821.93381213302,67.2427884988222,12169.4648449056,899.425844849451,846.505269984618,1612.22521170636,87.0327105545336,305.030602296132,205.287672305542,897.75315659995,11.0916012851356,571.080023955159,49.0643276848933,718.071799999997,584.058400000006,541.112513513415,964.069701972151,391.495168437838,2694.03336531179,5803.22991410206,865.227449726803,466.183091213267,1402.94845791876,403.237134395473,1508.14796917555,869.501587043572,451.406445694478,64.3824275484914,104.641704086532,100.993277647722,613.349503116472,171.839880910391,2413.35472567472,733.19879833362,122.283402659219,1967.37418404899,107.791694707855,381.815754621644,569.056900000002,63.7,,45829.5843249552,,17.0000000000002
19,526.376128997367,966.213920109439,781.051157228338,821.93381213302,67.2427884988222,12169.4648449056,899.425844849451,846.505269984618,1612.22521170636,87.0327105545336,305.030602296132,205.287672305542,897.75315659995,11.0916012851356,571.080023955159,49.0643276848933,718.071799999997,584.058400000006,541.112513513415,964.069701972151,391.495168437838,2694.03336531179,5803.22991410206,865.227449726803,466.183091213267,1402.94845791876,403.237134395473,1508.14796917555,869.501587043572,451.406445694478,64.3824275484914,104.641704086532,100.993277647722,613.349503116472,171.839880910391,2413.35472567472,733.19879833362,122.283402659219,1967.37418404899,107.791694707855,381.815754621644,569.056900000002,63.8,,45829.5843249552,,18.0000000000002
20,526.376128997367,966.213920109439,781.051157228338,821.93381213302,67.2427884988222,12169.4648449056,899.425844849451,846.505269984618,1612.22521170636,87.0327105545336,305.030602296132,205.287672305542,897.75315659995,11.0916012851356,571.080023955159,49.0643276848933,718.071799999997,584.058400000006,541.112513513415,964.069701972151,391.495168437838,2694.03336531179,5803.22991410206,865.227449726803,466.183091213267,1402.94845791876,403.237134395473,1508.14796917555,869.501587043572,451.406445694478,64.3824275484914,104.641704086532,100.993277647722,613.349503116472,171.839880910391,2413.35472567472,733.19879833362,122.283402659219,1967.37418404899,107.791694707855,381.815754621644,569.056900000002,63.9,,45829.5843249552,,19.0000000000002
21,526.376128997367,966.213920109439,781.051157228338,821.93381213302,67.2427884988222,12169.4648449056,899.425844849451,846.505269984618,1612.22521170636,87.0327105545336,305.030602296132,205.287672305542,897.75315659995,11.0916012851356,571.080023955159,49.0643276848933,718.071799999997,584.058400000006,541.112513513415,964.069701972151,391.495168437838,2694.03336531179,5803.22991410206,865.227449726803,466.183091213267,1402.94845791876,403.237134395473,1508.14796917555,869.501587043572,451.406445694478,64.3824275484914,104.641704086532,100.993277647722,613.349503116472,171.839880910391,2413.35472567472,733.19879833362,122.283402659219,1967.37418404899,107.791694707855,381.815754621644,569.056900000002,64,,45829.5843249552,,20.0000000000002
22,526.376128997367,966.213920109439,781.051157228338,821.93381213302,67.2427884988222,12169.4648449056,899.425844849451,846.505269984618,1612.22521170636,87.0327105545336,305.030602296132,205.287672305542,897.75315659995,11.0916012851356,571.080023955159,49.0643276848933,718.071799999997,584.058400000006,541.112513513415,964.069701972151,391.495168437838,2694.03336531179,5803.22991410206,865.227449726803,466.183091213267,1402.94845791876,403.237134395473,1508.14796917555,869.501587043572,451.406445694478,64.3824275484914,104.641704086532,100.993277647722,613.349503116472,171.839880910391,2413.35472567472,733.19879833362,122.283402659219,1967.37418404899,107.791694707855,381.815754621644,569.056900000002,64.1,,45829.5843249552,,21.0000000000002
23,526.376128997367,966.213920109439,781.051157228338,821.93381213302,67.2427884988222,12169.4648449056,899.425844849451,846.505269984618,1612.22521170636,87.0327105545336,305.030602296132,205.287672305542,897.75315659995,11.0916012851356,571.080023955159,49.0643276848933,718.071799999997,584.058400000006,541.112513513415,964.069701972151,391.495168437838,2694.03336531179,5803.22991410206,865.227449726803,466.183091213267,1402.94845791876,403.237134395473,1508.14796917555,869.501587043572,451.406445694478,64.3824275484914,104.641704086532,100.993277647722,613.349503116472,171.839880910391,2413.35472567472,733.19879833362,122.283402659219,1967.37418404899,107.791694707855,381.815754621644,569.056900000002,64.2,,45829.5843249552,,22.0000000000002
24,526.376128997367,966.213920109439,781.051157228338,821.93381213302,67.2427884988222,12169.4648449056,899.425844849451,846.505269984618,1612.22521170636,87.0327105545336,305.030602296132,205.287672305542,897.75315659995,11.0916012851356,571.080023955159,49.0643276848933,718.071799999997,584.058400000006,541.112513513415,964.069701972151,391.495168437838,2694.03336531179,5803.22991410206,865.227449726803,466.183091213267,1402.94845791876,403.237134395473,1508.14796917555,869.501587043572,451.406445694478,64.3824275484914,104.641704086532,100.993277647722,613.349503116472,171.839880910391,2413.35472567472,733.19879833362,122.283402659219,1967.37418404899,107.791694707855,381.815754621644,569.056900000002,64.3,,45829.5843249552,,23.0000000000001
25,526.376128997367,966.213920109439,781.051157228338,821.93381213302,67.2427884988222,12169.4648449056,899.425844849451,846.505269984618,1612.22521170636,87.0327105545336,305.030602296132,205.287672305542,897.75315659995,11.0916012851356,571.080023955159,49.0643276848933,718.071799999997,584.058400000006,541.112513513415,964.069701972151,391.495168437838,2694.03336531179,5803.22991410206,865.227449726803,466.183091213267,1402.94845791876,403.237134395473,1508.14796917555,869.501587043572,451.406445694478,64.3824275484914,104.641704086532,100.993277647722,613.349503116472,171.839880910391,2413.35472567472,733.19879833362,122.283402659219,1967.37418404899,107.791694707855,381.815754621644,569.056900000002,64.4,,45829.5843249552,,24
26,526.376128997367,966.213920109439,781.051157228338,821.93381213302,67.2427884988222,12169.4648449056,899.425844849451,846.505269984618,1612.22521170636,87.0327105545336,305.030602296132,205.287672305542,897.75315659995,11.0916012851356,571.080023955159,49.0643276848933,718.071799999997,584.058400000006,541.112513513415,964.069701972151,391.495168437838,2694.03336531179,5803.22991410206,865.227449726803,466.183091213267,1402.94845791876,403.237134395473,1508.14796917555,869.501587043572,451.406445694478,64.3824275484914,104.641704086532,100.993277647722,613.349503116472,171.839880910391,2413.35472567472,733.19879833362,122.283402659219,1967.37418404899,107.791694707855,381.815754621644,569.056900000002,64.5,,45829.5843249552,,25
27,526.376128997367,966.213920109439,781.051157228338,821.93381213302,67.2427884988222,12169.4648449056,899.425844849451,846.505269984618,1612.22521170636,87.0327105545336,305.030602296132,205.287672305542,897.75315659995,11.0916012851356,571.080023955159,49.0643276848933,718.071799999997,584.058400000006,541.112513513415,964.069701972151,391.495168437838,2694.03336531179,5803.22991410206,865.227449726803,466.183091213267,1402.94845791876,403.237134395473,1508.14796917555,869.501587043572,451.406445694478,64.3824275484914,104.641704086532,100.993277647722,613.349503116472,171.839880910391,2413.35472567472,733.19879833362,122.283402659219,1967.37418404899,107.791694707855,381.815754621644,569.056900000002,64.6,,45829.5843249552,,26
28,526.376128997367,966.213920109439,781.051157228338,821.93381213302,67.2427884988222,12169.4648449056,899.425844849451,846.505269984618,1612.22521170636,87.0327105545336,305.030602296132,205.287672305542,897.75315659995,11.0916012851356,571.080023955159,49.0643276848933,718.071799999997,584.058400000006,541.112513513415,964.069701972151,391.495168437838,2694.03336531179,5803.22991410206,865.227449726803,466.183091213267,1402.94845791876,403.237134395473,1508.14796917555,869.501587043572,451.406445694478,64.3824275484914,104.641704086532,100.993277647722,613.349503116472,171.839880910391,2413.35472567472,733.19879833362,122.283402659219,1967.37418404899,107.791694707855,381.815754621644,569.056900000002,64.7,,45829.5843249552,,26.9999999999999
29,526.376128997367,966.213920109439,781.051157228338,821.93381213302,67.2427884988222,12169.4648449056,899.425844849451,846.505269984618,1612.22521170636,87.0327105545336,305.030602296132,205.287672305542,897.75315659995,11.0916012851356,571.080023955159,49.0643276848933,718.071799999997,584.058400000006,541.112513513415,964.069701972151,391.495168437838,2694.03336531179,5803.22991410206,865.227449726803,466.183091213267,1402.94845791876,403.237134395473,1508.14796917555,869.501587043572,451.406445694478,64.3824275484914,104.641704086532,100.993277647722,613.349503116472,171.839880910391,2413.35472567472,733.19879833362,122.283402659219,1967.37418404899,107.791694707855,381.815754621644,569.056900000002,64.8,,45829.5843249552,,27.9999999999998
30,526.376128997367,966.213920109439,781.051157228338,821.93381213302,67.2427884988222,12169.4648449056,899.425844849451,846.505269984618,1612.22521170636,87.0327105545336,305.030602296132,205.287672305542,897.75315659995,11.0916012851356,571.080023955159,49.0643276848933,718.071799999997,584.058400000006,541.112513513415,964.069701972151,391.495168437838,2694.03336531179,5803.22991410206,865.227449726803,466.183091213267,1402.94845791876,403.237134395473,1508.14796917555,869.501587043572,451.406445694478,64.3824275484914,104.641704086532,100.993277647722,613.349503116472,171.839880910391,2413.35472567472,733.19879833362,122.283402659219,1967.37418404899,107.791694707855,381.815754621644,569.056900000002,64.9,,45829.5843249552,,28.9999999999998
31,526.376128997367,966.213920109439,781.051157228338,821.93381213302,67.2427884988222,12169.4648449056,899.425844849451,846.505269984618,1612.22521170636,87.0327105545336,305.030602296132,205.287672305542,897.75315659995,11.0916012851356,571.080023955159,49.0643276848933,718.071799999997,584.058400000006,541.112513513415,964.069701972151,391.495168437838,2694.03336531179,5803.22991410206,865.227449726803,466.183091213267,1402.94845791876,403.237134395473,1508.14796917555,869.501587043572,451.406445694478,64.3824275484914,104.641704086532,100.993277647722,613.349503116472,171.839880910391,2413.35472567472,733.19879833362,122.283402659219,1967.37418404899,107.791694707855,381.815754621644,569.056900000002,65,,45829.5843249552,,29.9999999999998
32,526.376128997367,966.213920109439,781.051157228338,821.93381213302,67.2427884988222,12169.4648449056,899.425844849451,846.505269984618,1612.22521170636,87.0327105545336,305.030602296132,205.287672305542,897.75315659995,11.0916012851356,571.080023955159,49.0643276848933,718.071799999997,584.058400000006,541.112513513415,964.069701972151,391.495168437838,2694.03336531179,5803.22991410206,865.227449726803,466.183091213267,1402.94845791876,403.237134395473,1508.14796917555,869.501587043572,451.406445694478,64.3824275484914,104.641704086532,100.993277647722,613.349503116472,171.839880910391,2413.35472567472,733.19879833362,122.283402659219,1967.37418404899,107.791694707855,381.815754621644,569.056900000002,65.1,,45829.5843249552,,30.9999999999997
33,526.376128997367,966.213920109439,781.051157228338,821.93381213302,67.2427884988222,12169.4648449056,899.425844849451,846.505269984618,1612.22521170636,87.0327105545336,305.030602296132,205.287672305542,897.75315659995,11.0916012851356,571.080023955159,49.0643276848933,718.071799999997,584.058400000006,541.112513513415,964.069701972151,391.495168437838,2694.03336531179,5803.22991410206,865.227449726803,466.183091213267,1402.94845791876,403.237134395473,1508.14796917555,869.501587043572,451.406445694478,64.3824275484914,104.641704086532,100.993277647722,613.349503116472,171.839880910391,2413.35472567472,733.19879833362,122.283402659219,1967.37418404899,107.791694707855,381.815754621644,569.056900000002,65.2,,45829.5843249552,,31.9999999999995
34,526.376128997367,966.213920109439,781.051157228338,821.93381213302,67.2427884988222,12169.4648449056,899.425844849451,846.505269984618,1612.22521170636,87.0327105545336,305.030602296132,205.287672305542,897.75315659995,11.0916012851356,571.080023955159,49.0643276848933,718.071799999997,584.058400000006,541.112513513415,964.069701972151,391.495168437838,2694.03336531179,5803.22991410206,865.227449726803,466.183091213267,1402.94845791876,403.237134395473,1508.14796917555,869.501587043572,451.406445694478,64.3824275484914,104.641704086532,100.993277647722,613.349503116472,171.839880910391,2413.35472567472,733.19879833362,122.283402659219,1967.37418404899,107.791694707855,381.815754621644,569.056900000002,65.3,,45829.5843249552,,32.9999999999995
35,526.376128997367,966.213920109439,781.051157228338,821.93381213302,67.2427884988222,12169.4648449056,899.425844849451,846.505269984618,1612.22521170636,87.0327105545336,305.030602296132,205.287672305542,897.75315659995,11.0916012851356,571.080023955159,49.0643276848933,718.071799999997,584.058400000006,541.112513513415,964.069701972151,391.495168437838,2694.03336531179,5803.22991410206,865.227449726803,466.183091213267,1402.94845791876,403.237134395473,1508.14796917555,869.501587043572,451.406445694478,64.3824275484914,104.641704086532,100.993277647722,613.349503116472,171.839880910391,2413.35472567472,733.19879833362,122.283402659219,1967.37418404899,107.791694707855,381.815754621644,569.056900000002,65.4,,45829.5843249552,,33.9999999999995
36,526.376128997367,966.213920109439,781.051157228338,821.93381213302,67.2427884988222,12169.4648449056,899.425844849451,846.505269984618,1612.22521170636,87.0327105545336,305.030602296132,205.287672305542,897.75315659995,11.0916012851356,571.080023955159,49.0643276848933,718.071799999997,584.058400000006,541.112513513415,964.069701972151,391.495168437838,2694.03336531179,5803.22991410206,865.227449726803,466.183091213267,1402.94845791876,403.237134395473,1508.14796917555,869.501587043572,451.406445694478,64.3824275484914,104.641704086532,100.993277647722,613.349503116472,171.839880910391,2413.35472567472,733.19879833362,122.283402659219,1967.37418404899,107.791694707855,381.815754621644,569.056900000002,65.4999999999999,,45829.5843249552,,34.9999999999994
37,526.376128997367,966.213920109439,781.051157228338,821.93381213302,67.2427884988222,12169.4648449056,899.425844849451,846.505269984618,1612.22521170636,87.0327105545336,305.030602296132,205.287672305542,897.75315659995,11.0916012851356,571.080023955159,49.0643276848933,718.071799999997,584.058400000006,541.112513513415,964.069701972151,391.495168437838,2694.03336531179,5803.22991410206,865.227449726803,466.183091213267,1402.94845791876,403.237134395473,1508.14796917555,869.501587043572,451.406445694478,64.3824275484914,104.641704086532,100.993277647722,613.349503116472,171.839880910391,2413.35472567472,733.19879833362,122.283402659219,1967.37418404899,107.791694707855,381.815754621644,569.056900000002,65.5999999999999,,45829.5843249552,,35.9999999999993
38,526.376128997367,966.213920109439,781.051157228338,821.93381213302,67.2427884988222,12169.4648449056,899.425844849451,846.505269984618,1612.22521170636,87.0327105545336,305.030602296132,205.287672305542,897.75315659995,11.0916012851356,571.080023955159,49.0643276848933,718.071799999997,584.058400000006,541.112513513415,964.069701972151,391.495168437838,2694.03336531179,5803.22991410206,865.227449726803,466.183091213267,1402.94845791876,403.237134395473,1508.14796917555,869.501587043572,451.406445694478,64.3824275484914,104.641704086532,100.993277647722,613.349503116472,171.839880910391,2413.35472567472,733.19879833362,122.283402659219,1967.37418404899,107.791694707855,381.815754621644,569.056900000002,65.6999999999999,,45829.5843249552,,36.9999999999993
39,526.376128997367,966.213920109439,781.051157228338,821.93381213302,67.2427884988222,12169.4648449056,899.425844849451,846.505269984618,1612.22521170636,87.0327105545336,305.030602296132,205.287672305542,897.75315659995,11.0916012851356,571.080023955159,49.0643276848933,718.071799999997,584.058400000006,541.112513513415,964.069701972151,391.495168437838,2694.03336531179,5803.22991410206,865.227449726803,466.183091213267,1402.94845791876,403.237134395473,1508.14796917555,869.501587043572,451.406445694478,64.3824275484914,104.641704086532,100.993277647722,613.349503116472,171.839880910391,2413.35472567472,733.19879833362,122.283402659219,1967.37418404899,107.791694707855,381.815754621644,569.056900000002,65.7999999999999,,45829.5843249552,,37.9999999999993
40,526.376128997367,966.213920109439,781.051157228338,821.93381213302,67.2427884988222,12169.4648449056,899.425844849451,846.505269984618,1612.22521170636,87.0327105545336,305.030602296132,205.287672305542,897.75315659995,11.0916012851356,571.080023955159,49.0643276848933,718.071799999997,584.058400000006,541.112513513415,964.069701972151,391.495168437838,2694.03336531179,5803.22991410206,865.227449726803,466.183091213267,1402.94845791876,403.237134395473,1508.14796917555,869.501587043572,451.406445694478,64.3824275484914,104.641704086532,100.993277647722,613.349503116472,171.839880910391,2413.35472567472,733.19879833362,122.283402659219,1967.37418404899,107.791694707855,381.815754621644,569.056900000002,65.8999999999999,,45829.5843249552,,38.9999999999992
41,526.376128997367,966.213920109439,781.051157228338,821.93381213302,67.2427884988222,12169.4648449056,899.425844849451,846.505269984618,1612.22521170636,87.0327105545336,305.030602296132,205.287672305542,897.75315659995,11.0916012851356,571.080023955159,49.0643276848933,718.071799999997,584.058400000006,541.112513513415,964.069701972151,391.495168437838,2694.03336531179,5803.22991410206,865.227449726803,466.183091213267,1402.94845791876,403.237134395473,1508.14796917555,869.501587043572,451.406445694478,64.3824275484914,104.641704086532,100.993277647722,613.349503116472,171.839880910391,2413.35472567472,733.19879833362,122.283402659219,1967.37418404899,107.791694707855,381.815754621644,569.056900000002,65.9999999999999,,45829.5843249552,,39.9999999999991
42,526.376128997367,966.213920109439,781.051157228338,821.93381213302,67.2427884988222,12169.4648449056,899.425844849451,846.505269984618,1612.22521170636,87.0327105545336,305.030602296132,205.287672305542,897.75315659995,11.0916012851356,571.080023955159,49.0643276848933,718.071799999997,584.058400000006,541.112513513415,964.069701972151,391.495168437838,2694.03336531179,5803.22991410206,865.227449726803,466.183091213267,1402.94845791876,403.237134395473,1508.14796917555,869.501587043572,451.406445694478,64.3824275484914,104.641704086532,100.993277647722,613.349503116472,171.839880910391,2413.35472567472,733.19879833362,122.283402659219,1967.37418404899,107.791694707855,381.815754621644,569.056900000002,66.0999999999999,,45829.5843249552,,40.9999999999991
43,526.376128997367,966.213920109439,781.051157228338,821.93381213302,67.2427884988222,12169.4648449056,899.425844849451,846.505269984618,1612.22521170636,87.0327105545336,305.030602296132,205.287672305542,897.75315659995,11.0916012851356,571.080023955159,49.0643276848933,718.071799999997,584.058400000006,541.112513513415,964.069701972151,391.495168437838,2694.03336531179,5803.22991410206,865.227449726803,466.183091213267,1402.94845791876,403.237134395473,1508.14796917555,869.501587043572,451.406445694478,64.3824275484914,104.641704086532,100.993277647722,613.349503116472,171.839880910391,2413.35472567472,733.19879833362,122.283402659219,1967.37418404899,107.791694707855,381.815754621644,569.056900000002,66.1999999999999,,45829.5843249552,,41.9999999999991
44,526.376128997367,966.213920109439,781.051157228338,821.93381213302,67.2427884988222,12169.4648449056,899.425844849451,846.505269984618,1612.22521170636,87.0327105545336,305.030602296132,205.287672305542,897.75315659995,11.0916012851356,571.080023955159,49.0643276848933,718.071799999997,584.058400000006,541.112513513415,964.069701972151,391.495168437838,2694.03336531179,5803.22991410206,865.227449726803,466.183091213267,1402.94845791876,403.237134395473,1508.14796917555,869.501587043572,451.406445694478,64.3824275484914,104.641704086532,100.993277647722,613.349503116472,171.839880910391,2413.35472567472,733.19879833362,122.283402659219,1967.37418404899,107.791694707855,381.815754621644,569.056900000002,66.2999999999999,,45829.5843249552,,42.999999999999
45,526.376128997367,966.213920109439,781.051157228338,821.93381213302,67.2427884988222,12169.4648449056,899.425844849451,846.505269984618,1612.22521170636,87.0327105545336,305.030602296132,205.287672305542,897.75315659995,11.0916012851356,571.080023955159,49.0643276848933,718.071799999997,584.058400000006,541.112513513415,964.069701972151,391.495168437838,2694.03336531179,5803.22991410206,865.227449726803,466.183091213267,1402.94845791876,403.237134395473,1508.14796917555,869.501587043572,451.406445694478,64.3824275484914,104.641704086532,100.993277647722,613.349503116472,171.839880910391,2413.35472567472,733.19879833362,122.283402659219,1967.37418404899,107.791694707855,381.815754621644,569.056900000002,66.3999999999999,,45829.5843249552,,43.9999999999989
46,526.376128997367,966.213920109439,781.051157228338,821.93381213302,67.2427884988222,12169.4648449056,899.425844849451,846.505269984618,1612.22521170636,87.0327105545336,305.030602296132,205.287672305542,897.75315659995,11.0916012851356,571.080023955159,49.0643276848933,718.071799999997,584.058400000006,541.112513513415,964.069701972151,391.495168437838,2694.03336531179,5803.22991410206,865.227449726803,466.183091213267,1402.94845791876,403.237134395473,1508.14796917555,869.501587043572,451.406445694478,64.3824275484914,104.641704086532,100.993277647722,613.349503116472,171.839880910391,2413.35472567472,733.19879833362,122.283402659219,1967.37418404899,107.791694707855,381.815754621644,569.056900000002,66.4999999999999,,45829.5843249552,,44.9999999999989
47,526.376128997367,966.213920109439,781.051157228338,821.93381213302,67.2427884988222,12169.4648449056,899.425844849451,846.505269984618,1612.22521170636,87.0327105545336,305.030602296132,205.287672305542,897.75315659995,11.0916012851356,571.080023955159,49.0643276848933,718.071799999997,584.058400000006,541.112513513415,964.069701972151,391.495168437838,2694.03336531179,5803.22991410206,865.227449726803,466.183091213267,1402.94845791876,403.237134395473,1508.14796917555,869.501587043572,451.406445694478,64.3824275484914,104.641704086532,100.993277647722,613.349503116472,171.839880910391,2413.35472567472,733.19879833362,122.283402659219,1967.37418404899,107.791694707855,381.815754621644,569.056900000002,66.5999999999999,,45829.5843249552,,45.9999999999989
48,526.376128997367,966.213920109439,781.051157228338,821.93381213302,67.2427884988222,12169.4648449056,899.425844849451,846.505269984618,1612.22521170636,87.0327105545336,305.030602296132,205.287672305542,897.75315659995,11.0916012851356,571.080023955159,49.0643276848933,718.071799999997,584.058400000006,541.112513513415,964.069701972151,391.495168437838,2694.03336531179,5803.22991410206,865.227449726803,466.183091213267,1402.94845791876,403.237134395473,1508.14796917555,869.501587043572,451.406445694478,64.3824275484914,104.641704086532,100.993277647722,613.349503116472,171.839880910391,2413.35472567472,733.19879833362,122.283402659219,1967.37418404899,107.791694707855,381.815754621644,569.056900000002,66.6999999999999,,45829.5843249552,,46.9999999999988
49,526.376128997367,966.213920109439,781.051157228338,821.93381213302,67.2427884988222,12169.4648449056,899.425844849451,846.505269984618,1612.22521170636,87.0327105545336,305.030602296132,205.287672305542,897.75315659995,11.0916012851356,571.080023955159,49.0643276848933,718.071799999997,584.058400000006,541.112513513415,964.069701972151,391.495168437838,2694.03336531179,5803.22991410206,865.227449726803,466.183091213267,1402.94845791876,403.237134395473,1508.14796917555,869.501587043572,451.406445694478,64.3824275484914,104.641704086532,100.993277647722,613.349503116472,171.839880910391,2413.35472567472,733.19879833362,122.283402659219,1967.37418404899,107.791694707855,381.815754621644,569.056900000002,66.7999999999999,,45829.5843249552,,47.9999999999986
50,526.376128997367,966.213920109439,781.051157228338,821.93381213302,67.2427884988222,12169.4648449056,899.425844849451,846.505269984618,1612.22521170636,87.0327105545336,305.030602296132,205.287672305542,897.75315659995,11.0916012851356,571.080023955159,49.0643276848933,718.071799999997,584.058400000006,541.112513513415,964.069701972151,391.495168437838,2694.03336531179,5803.22991410206,865.227449726803,466.183091213267,1402.94845791876,403.237134395473,1508.14796917555,869.501587043572,451.406445694478,64.3824275484914,104.641704086532,100.993277647722,613.349503116472,171.839880910391,2413.35472567472,733.19879833362,122.283402659219,1967.37418404899,107.791694707855,381.815754621644,569.056900000002,66.8999999999999,,45829.5843249552,,48.9999999999986
51,524.970351039094,963.839544603179,778.964281701103,820.159054583741,67.044625723158,12143.7051740551,897.204578129868,844.588400550219,1608.7469832119,86.6579172458348,301.634142602592,204.008414958767,893.045633052264,11.0793227141498,571.080023955148,48.9927164691238,713.43374105199,579.363920877536,536.996050963253,959.422750450027,388.172905536707,2654.1436463257,5702.75947321929,852.544134067146,460.960660763978,1392.27565948479,398.416770041189,1499.08153429374,865.087865366934,447.972413617603,63.7190714007872,,100.093954740326,612.461647310335,171.713920638129,2411.53170523627,732.640059643627,122.198876548021,1967.374184049,98.5575217052206,381.815754621645,569.0569,66.9999999999999,382.068038406624,45829.5843249552,0.008336711843109,49.9999999999986
52,521.996513106308,958.816697356533,774.549623207281,816.404662724991,66.6254244007615,12089.2121541154,892.505623226919,840.53337962548,1601.38900197842,85.8650647531726,294.44913830346,201.302223699172,883.087152758016,11.0533481425997,571.08002395515,48.8412272893352,703.622208901499,569.433035272974,528.287924328829,949.592406598752,381.144860047798,2569.75936732161,5490.22035460403,825.713349731591,449.912926176876,1369.69800229147,388.219581870598,1479.90204168053,855.7509050955,440.707927222381,62.3157817394482,,98.1914917232528,610.583442249843,171.447459328595,2407.67521616535,731.458081863265,122.020066690962,1967.374184049,79.0231892799118,381.815754621642,569.056899999997,67.0999999999998,968.946607456443,45829.5843249552,0.021142382627477,50.9999999999985
53,519.022675173524,953.793850109916,770.13496471347,812.650270866254,66.2062230783649,12034.7191341757,887.806668323968,836.478358700738,1594.03102074493,85.0722122605071,287.264134004347,198.596032439572,873.128672463732,11.0273735710495,571.080023955143,48.6897381095495,693.810676751002,559.502149668413,519.57979769442,939.762062747471,374.116814558904,2485.37508831738,5277.68123598841,798.882565396026,438.865191589762,1347.12034509812,378.022393700008,1460.72254906733,846.413944824086,433.44344082716,60.9124920781072,,96.2890287061811,608.70523718936,171.180998019061,2403.8187270945,730.276104082903,121.841256833901,1967.37418404897,59.4888568545872,381.815754621644,569.056900000002,67.1999999999998,1555.82517650668,45829.5843249552,0.033948053411855,51.9999999999984
54,516.048837240739,948.771002863293,765.720306219659,808.895879007498,65.7870217559682,11980.2261142359,883.107713421024,832.423337775985,1586.67303951144,84.2793597678434,280.07912970522,195.889841179978,863.17019216947,11.0013989994993,571.080023955148,48.5382489297623,683.999144600506,549.571264063851,510.871671059997,929.931718896196,367.088769070008,2400.99080931331,5065.14211737308,772.051781060466,427.817457002673,1324.54268790484,367.825205529404,1441.5430564541,837.07698455266,426.178954431949,59.5092024167674,,94.3865656891097,606.827032128872,170.914536709526,2399.9622380236,729.094126302534,121.662446976841,1967.374184049,39.9545244292309,381.815754621645,569.0569,67.2999999999998,2142.70374555658,45829.5843249552,0.046753724196225,52.9999999999984
55,513.074999307954,943.748155616664,761.305647725844,805.141487148751,65.3678204335716,11925.7330942961,878.408758518076,828.36831685124,1579.31505827795,83.4865072751795,272.894125406096,193.183649920381,853.211711875205,10.9754244279492,571.080023955148,48.3867597499751,674.18761245001,539.640378459289,502.163544425577,920.101375044919,360.060723581108,2316.60653030918,4852.60299875766,745.220996724904,416.769722415571,1301.96503071152,357.628017358808,1422.36356384088,827.740024281235,418.914468036731,58.1059127554273,,92.4841026720375,604.948827068384,170.648075399992,2396.10574895271,727.912148522169,121.483637119781,1967.37418404901,20.420192003906,381.815754621645,569.0569,67.3999999999998,2729.58231460661,45829.5843249552,0.059559394980598,53.9999999999984
56,510.101161375169,938.72530837003,756.89098923203,801.387095289999,64.9486191111748,11871.2400743564,873.709803615128,824.313295926495,1571.95707704446,82.6936547825152,265.709121106963,190.477458660786,843.253231580928,10.9494498563989,571.080023955143,48.235270570188,664.37608029951,529.709492854728,493.455417791159,910.271031193627,353.032678092218,2232.22225130505,4640.06388014226,718.390212389331,405.721987828473,1279.38737351821,347.430829188218,1403.18407122767,818.403064009811,411.649981641516,56.702623094087,,90.5816396549671,603.070622007896,170.381614090457,2392.24925988182,726.730170741815,121.304827262721,1967.37418404899,0.885859578601806,381.815754621646,569.056899999994,67.4999999999998,3316.46088365663,45829.5843249552,0.07236506576497,54.9999999999983
57,507.127323442391,933.702461123421,752.476330738199,797.632703431259,64.5294177887785,11816.7470544164,869.010848712171,820.258275001735,1564.59909581102,81.9008022898519,258.524116807833,187.771267401191,833.294751286675,10.9115410913411,569.222031008971,48.0141786567252,657.569864921125,519.778607250159,484.747291156747,900.440687342381,346.00463260332,2147.83797230083,4427.52476152674,691.559428053786,394.674253241352,1256.80971632491,337.233641017629,1384.00457861448,809.066103738395,404.385495246294,55.2993334327478,,88.679176637895,601.192416947403,170.115152780927,2388.39277081095,725.548192961433,121.12601740566,1958.21897835991,,381.093741439902,568.195040978084,67.5999999999998,3894.36427085413,45829.5843249552,0.084974898380947,55.9999999999982
58,504.153485509591,928.679613876778,748.061672244396,793.878311572508,64.1102164663803,11762.2540344769,864.311893809232,816.203254077007,1557.24111457749,81.1079497971881,251.339112508716,185.065076141592,823.336270992407,10.8730654155382,567.275777707012,47.7897804002281,650.906411294425,509.847721645604,476.039164522325,890.610343491084,338.976587114407,2063.45369329679,4214.98564291144,664.728643718212,383.626518654275,1234.23205913158,327.036452847031,1364.82508600124,799.729143466961,397.121008851078,53.8960437714075,,86.7767136208214,599.31421188692,169.848691471388,2384.53628174004,724.366215181076,120.947207548601,1948.62887235921,,380.337430420561,567.292241012828,67.6999999999998,4471.8413094229,45829.5843249552,0.097575428084079,56.9999999999982
59,501.179647576814,923.656766630152,743.647013750581,790.12391971376,63.6910151439853,11707.7610145371,859.612938906284,812.148233152264,1549.883133344,80.315097304524,244.1541082096,182.358884881995,813.377790698146,10.8345897397356,565.3295244051,47.5653821437323,644.242957667628,499.916836041043,467.331037887901,880.779999639809,331.948541625506,1979.06941429266,4002.44652429608,637.897859382664,372.578784067165,1211.65440193825,316.839264676426,1345.64559338802,790.392183195536,389.856522455856,52.4927541100674,,84.874250603749,597.436006826433,169.582230161854,2380.67979266916,723.184237400712,120.768397691541,1939.03876635821,,379.581119401246,566.389441047601,67.7999999999998,5049.31834799225,45829.5843249552,0.110175957787223,57.9999999999982
60,498.205809644028,918.63391938352,739.23235525677,786.369527855012,63.2718138215887,11653.2679945973,854.913984003336,808.093212227518,1542.52515211052,79.5222448118604,236.969103910475,179.652693622399,803.419310403882,10.7961140639328,563.383271103153,47.3409838872351,637.579504040884,489.985950436481,458.622911253483,870.949655788534,324.920496136609,1894.68513528853,3789.90740568062,611.067075047103,361.531049480064,1189.07674474494,306.642076505832,1326.46610077481,781.055222924111,382.592036060641,51.0894644487275,,82.9717875866772,595.557801765944,169.31576885232,2376.82330359826,722.002259620347,120.589587834481,1929.4486603574,,378.824808381916,565.486641082357,67.8999999999998,5626.79538656154,45829.5843249552,0.122776487490366,58.9999999999981
61,495.231971711243,913.611072136892,734.817696762947,782.615135996258,62.852612499194,11598.7749746576,850.215029100388,804.038191302774,1535.16717087702,78.7293923191963,229.784099611343,176.946502362804,793.460830109617,10.7576383881313,561.437017801386,47.1165856307452,630.916050413843,480.05506483191,449.914784619069,861.119311937249,317.892450647711,1810.30085628435,3577.36828706523,584.236290711559,350.483314892956,1166.49908755169,296.444888335246,1307.28660816159,771.718262652694,375.327549665424,49.6861747873895,,81.0693245696037,593.679596705457,169.049307542785,2372.96681452732,720.820281839982,120.410777977421,1919.85855435562,,378.068497362656,564.583841117208,67.9999999999998,6204.27242513168,45829.5843249552,0.135377017193528,59.999999999998
62,492.258133778458,908.588224890263,730.40303826914,778.860744137517,62.4334111767964,11544.2819547179,845.51607419744,799.983170378036,1527.80918964353,77.9365398265328,222.599095312213,174.240311103206,783.502349815352,10.7191627123274,559.490764499267,46.8921873742415,624.252596787396,470.124179227346,441.206657984643,851.288968085972,310.864405158814,1725.91657728022,3364.82916844981,557.405506375973,339.43558030586,1143.92143035831,286.24770016464,1288.10711554843,762.381302381261,368.0630632702,48.2828851260494,,79.1668615525352,591.801391644969,168.782846233251,2369.11032545643,719.638304059618,120.231968120362,1910.26844835574,,377.312186343263,563.681041151865,68.0999999999998,6781.74946369998,45829.5843249552,0.147977546896649,60.999999999998
63,489.284295845673,903.565377643634,725.988379775325,775.106352278769,62.0142098543988,11489.788934778,840.817119294491,795.928149453284,1520.45120841005,77.1436873338688,215.414091013102,171.534119843609,773.543869521087,10.6806870365246,557.544511197319,46.6677891177437,617.589143160647,460.193293622795,432.498531350226,841.458624234702,303.836359669909,1641.53229827613,3152.29004983439,530.57472204042,328.387845718758,1121.343773165,276.050511994045,1268.92762293516,753.044342109835,360.798576874986,46.8795954647075,,77.2643985354608,589.923186584481,168.516384923716,2365.25383638559,718.456326279253,120.053158263301,1900.67834235491,,376.55587532393,562.778241186631,68.1999999999998,7359.22650226924,45829.5843249552,0.160578076599791,61.999999999998
64,486.310457912888,898.542530397005,721.57372128151,771.351960420022,61.5950085320023,11435.2959148383,836.118164391543,791.873128528539,1513.09322717657,76.350834841205,208.229086713978,168.827928584012,763.585389226823,10.6422113607218,555.598257895374,46.4433908612466,610.925689533903,450.262408018234,423.790404715807,831.628280383426,296.808314181009,1557.148019272,2939.75093121899,503.743937704861,317.340111131657,1098.76611597168,265.85332382345,1249.74813032195,743.707381838411,353.534090479768,45.4763058033676,,75.3619355183888,588.044981523993,168.249923614182,2361.39734731471,717.274348498889,119.874348406241,1891.0882363541,,375.799564304602,561.875441221388,68.2999999999998,7936.70354083844,45829.5843249552,0.173178606302932,62.9999999999978
65,483.336619980103,893.519683150376,717.159062787696,767.597568561274,61.1758072084734,11380.8028948985,831.419209488595,787.818107603795,1505.73524594308,75.5579823485412,201.044082414852,166.121737324413,753.626908932559,10.6037356849191,553.65200459343,46.2189926047496,604.262235907158,440.331522413672,415.082278081389,821.79793653215,289.78026869211,1472.76374026788,2727.21181260359,476.913153370436,306.292376544558,1076.18845877837,255.656135652857,1230.56863770873,734.370421566987,346.26960408455,44.0730161420277,,73.4594725013174,586.166776463506,167.983462304648,2357.54085824382,716.092370718524,119.695538549181,1881.49813035326,,375.043253285273,560.972641256146,68.3999999999998,8514.18057940763,45829.5843249552,0.185779136006073,63.9999999999977
66,480.362782047318,888.496835903743,712.744404293866,763.843176702535,60.7566058881592,11326.3098749587,826.72025458566,783.763086679049,1498.3772647096,74.7651298558798,193.859078115734,163.415546064821,743.668428638293,10.5652600091162,551.70575129149,45.9945943482524,597.598782280412,430.40063680911,406.374151446978,811.96759268086,282.752223203206,1388.37946126375,2514.67269398808,450.082369032767,295.244641957461,1053.61080158507,245.458947482248,1211.38914509555,725.033461295565,339.005117689326,42.6697264806886,,71.5570094842453,584.288571403012,167.717000995114,2353.68436917291,714.910392938148,119.516728692119,1871.90802435242,,374.286942265938,560.06984129091,68.4999999999998,9091.65761797702,45829.5843249552,0.198379665709218,64.9999999999977
67,477.388944114533,883.473988657118,708.329745800065,760.088784843778,60.3374045657629,11271.816855019,822.021299682699,779.708065754305,1491.0192834761,73.9722773632134,186.674073816608,160.709354805223,733.709948344028,10.5267843333136,549.759497989538,45.7701960917552,590.93532865367,420.469751204547,397.666024812549,802.137248829595,275.72417771431,1303.9951822596,2302.13357537274,423.251584697226,284.196907370352,1031.03314439173,235.261759311665,1192.2096524823,715.696501024135,331.740631294114,41.2664368193476,,69.6545464671717,582.41036634253,167.450539685579,2349.82788010204,713.728415157796,119.337918835061,1862.31791835163,,373.530631246615,559.167041325661,68.5999999999998,9669.13465654614,45829.5843249552,0.210980195412357,65.9999999999977
68,474.415106181748,878.45114141049,703.915087306251,756.334392985031,59.9182032433633,11217.3238350793,817.32234477975,775.653044829561,1483.66130224262,73.1794248705497,179.489069517484,158.003163545626,723.751468049764,10.4883086575108,547.813244687595,45.5457978352582,584.271875026922,410.538865599987,388.957898178132,792.306904978318,268.69613222541,1219.61090325548,2089.59445675735,396.42080036167,273.149172783251,1008.45548719842,225.064571141069,1173.03015986909,706.359540752711,324.476144898896,39.8631471580076,,67.7520834500996,580.532161282042,167.184078376045,2345.97139103115,712.546437377431,119.159108978001,1852.72781235079,,372.774320227287,558.264241360419,68.6999999999998,10246.6116951153,45829.5843249552,0.223580725115498,66.9999999999976
69,471.441268248963,873.428294163861,699.500428812436,752.580001126283,59.499001920809,11162.8308151395,812.623389876803,771.598023904816,1476.30332100913,72.3865723778859,172.30406521836,155.29697228603,713.792987755499,10.4498329817081,545.86699138565,45.321399578761,577.608421400179,400.607979995426,380.249771543713,782.476561127041,261.668086736511,1135.22662425135,1877.05533814196,369.590016026269,262.10143819615,985.877830005103,214.867382970474,1153.85066725587,697.022580481287,317.211658503678,38.4598574966677,,65.8496204330278,578.653956221554,166.91761706651,2342.11490196026,711.364459597066,118.980299120941,1843.13770634997,,372.018009207958,557.361441395176,68.7999999999998,10824.0887336845,45829.5843249552,0.236181254818638,67.9999999999975
70,468.467430316177,868.405446917247,695.085770318608,748.825609267552,59.0798005980796,11108.3377951996,807.924434973857,767.543002980074,1468.94533977563,71.5937198852233,165.119060919229,152.590781026427,703.834507461192,10.4113573059055,543.920738083711,45.0970013222646,570.944967773418,390.677094390876,371.541644909254,772.646217275724,254.6400412476,1050.84234524716,1664.51621952574,342.759231691053,251.053703609044,963.300172811779,204.670194799886,1134.67117464271,687.685620209816,309.947172108442,37.0565678353273,,63.9471574159525,576.775751161075,166.65115575698,2338.25841288939,710.182481816718,118.801489263882,1833.54760034913,,371.261698188625,556.45864142994,68.8999999999998,11401.5657722549,45829.5843249552,0.248781784521805,68.9999999999975
71,465.493592383394,863.382599670506,690.671111824715,745.071217408774,58.6605992760878,11053.8447752597,803.225480070935,763.487982055412,1461.58735854219,70.8008673926438,157.934056619938,149.884589766801,693.876027166672,10.3728816301043,541.974484781584,44.8726030657346,564.281514146746,380.746208786323,362.833518275057,762.81587342458,247.611995758625,966.458066243128,1451.97710091034,315.928447355434,240.005969021861,940.722515618314,194.473006629022,1115.49168202963,678.348659938437,302.682685713146,35.6532781741337,,62.0446943987755,574.897546100615,166.384694447431,2334.40192381832,709.000504036293,118.622679406827,1823.95749434864,,370.505387169357,555.555841464636,68.9999999999998,11979.0428108243,45829.5843249552,0.26138231422495,69.9999999999975
72,462.519754450607,858.359752423974,686.256453330991,741.31682555004,58.2413979530566,10999.3517553202,798.526525167958,759.432961130582,1454.22937730867,70.0080148998943,150.749052320984,147.17839850724,683.917546872705,10.3344059542998,540.028231479816,44.6482048092697,557.618060519942,370.81532318174,354.125391640455,752.98552957321,240.583950269812,882.073787238954,1239.43798229572,289.097663020149,228.958234434844,918.144858425154,184.275818458688,1096.31218941623,669.011699667012,295.418199318023,34.2499885126477,,60.1422313818121,573.019341040091,166.118233137907,2330.54543474759,707.818526255973,118.443869549761,1814.3673883475,,369.749076149973,554.65304149945,69.0999999999997,12556.5198493922,45829.5843249552,0.273982843928063,70.9999999999974
73,459.545916517822,853.336905177346,681.841794837177,737.562433691293,57.82219663066,10944.8587353805,793.82757026501,755.377940205838,1446.87139607518,69.2151624072305,143.56404802186,144.472207247644,673.959066578441,10.2959302784971,538.081978177871,44.4238065527726,550.954606893198,360.884437577179,345.417265006037,743.155185721933,233.555904780912,797.689508234827,1026.89886368033,262.26687868459,217.910499847744,895.56720123184,174.078630288093,1077.13269680301,659.674739395588,288.153712922806,32.8466988513078,,58.2397683647401,571.141135979603,165.851771828373,2326.6889456767,706.636548475609,118.265059692701,1804.77728234667,,368.992765130644,553.750241534207,69.1999999999997,13133.9968879614,45829.5843249552,0.286583373631204,71.9999999999973
74,456.572078585037,848.314057930717,677.427136343362,733.808041832545,57.4029953082634,10890.3657154407,789.128615362062,751.322919281093,1439.51341484169,68.4223099145666,136.379043722736,141.766015988047,664.000586284175,10.2574546026943,536.135724875925,44.1994082962755,544.291153266452,350.953551972616,336.709138371618,733.324841870656,226.527859292012,713.305229230691,814.359745064904,235.436094349028,206.862765260641,872.989544038522,163.881442117497,1057.9532041898,650.337779124162,280.889226527587,31.4434091899678,,56.337305347668,569.262930919115,165.585310518838,2322.83245660581,705.454570695244,118.086249835641,1795.18717634586,,368.236454111315,552.847441568965,69.2999999999997,13711.4739265307,45829.5843249552,0.299183903334346,72.9999999999973
75,453.598240652252,843.291210684088,673.012477849546,730.053649973797,56.9837939856397,10835.872695501,784.429660459114,747.267898356348,1432.1554336082,67.6294574219028,129.194039423612,139.05982472845,654.04210598991,10.2189789268916,534.189471573981,43.9750100397784,537.627699639706,341.022666368054,328.001011737198,723.494498019378,219.499813803111,628.920950226556,601.82062644948,208.605310013694,195.815030673539,850.411886845206,153.684253946901,1038.77371157658,641.000818852736,273.624740132369,30.0401195286277,,54.4348423305958,567.384725858627,165.318849209304,2318.97596753492,704.272592914879,117.907439978581,1785.59707034503,,367.480143091986,551.944641603723,69.3999999999997,14288.9509650999,45829.5843249552,0.311784433037488,73.9999999999973
76,450.624402719467,838.268363437459,668.597819355732,726.29925811505,56.5645926632431,10781.3796755612,779.730705556166,743.212877431604,1424.79745237472,66.836604929239,122.009035124488,136.353633468854,644.083625695646,10.1805032510888,532.243218272036,43.7506117832812,530.964246012962,331.091780763493,319.292885102779,713.664154168102,212.471768314211,544.53667122243,389.28150783408,181.774525678135,184.767296086438,827.834229651891,143.487065776306,1019.59421896337,631.663858581312,266.360253737151,28.6368298672878,,52.5323793135238,565.506520798139,165.05238789977,2315.11947846403,703.090615134515,117.728630121521,1776.0069643442,,366.723832072658,551.04184163848,69.4999999999997,14866.4280036691,45829.5843249552,0.324384962740629,74.9999999999972
77,447.650564786682,833.245516190831,664.183160861917,722.544866256302,56.1453913408466,10726.8866556214,775.031750653218,739.15785650686,1417.43947114123,66.0437524365752,114.824030825364,133.647442209257,634.125145401382,10.1420275752861,530.296964970091,43.5262135267841,524.300792386217,321.160895158932,310.584758468361,703.833810316825,205.443722825312,460.152392218304,176.742389218689,154.943741342576,173.719561499337,805.256572458576,133.289877605711,1000.41472635015,622.326898309888,259.095767341933,27.2335402059479,,50.6299162964518,563.628315737652,164.785926590235,2311.26298939315,701.908637354151,117.549820264461,1766.41685834338,,365.967521053329,550.139041673238,69.5999999999997,15443.9050422383,45829.5843249552,0.33698549244377,75.999999999997
78,444.676726853895,828.222668944202,659.768502368101,718.790474397555,55.726190018446,10672.3936356817,770.332795750268,735.102835582117,1410.08148990774,65.2508999439099,107.639026526267,130.941250949662,624.166665107114,10.1035518994832,528.350711668145,43.3018152702876,517.637338759472,311.230009554379,301.876631833936,694.003466465552,198.415677336397,375.768113214235,,128.11295700709,162.671826912208,782.678915265255,123.092689435126,981.235233736937,612.989938038464,251.831280946713,25.8302505446155,,48.7274532793887,561.750110677163,164.519465280701,2307.40650032225,700.726659573785,117.371010407402,1756.82675234256,,365.211210034001,549.236241707996,69.6999999999997,15985.5853514107,45829.5843249552,0.348804938706507,76.999999999997
79,441.702888921111,823.199821697572,655.353843874287,715.036082538806,55.3069886960533,10617.9006157419,765.633840847321,731.04781465737,1402.72350867425,64.4580474512474,100.454022227115,128.235059690064,614.208184812851,10.0650762236806,526.404458366201,43.0774170137899,510.973885132726,301.299123949807,293.168505199522,684.17312261427,191.387631847511,291.383834210031,,101.282172671452,151.624092325133,760.101258071942,112.89550126452,962.055741123719,603.652977767037,244.566794551496,24.4269608832678,,46.8249902623074,559.871905616676,164.253003971166,2303.55001125137,699.544681793422,117.192200550341,1747.23664634173,,364.454899014672,548.333441742753,69.7999999999997,16350.5232713646,45829.5843249552,0.35676787193685,77.999999999997
80,438.729050988326,818.176974450944,650.939185380472,711.281690680059,54.8877873736567,10563.4075958022,760.934885944373,726.992793732626,1395.36552744076,63.6651949585836,93.2690179279913,125.528868430468,604.249704518587,10.0266005478778,524.458205064257,42.8530187572928,504.310431505982,291.368238345246,284.460378565104,674.342778762994,184.359586358612,206.999555205906,,74.4513883358932,140.576357738032,737.523600878628,102.698313093925,942.876248510505,594.316017495613,237.302308156279,23.0236712219279,,44.9225272452354,557.993700556188,163.986542661632,2299.69352218048,698.362704013057,117.013390693282,1737.64654034091,,363.698587995343,547.430641777511,69.8999999999997,16715.4611913184,45829.5843249552,0.364730805167188,78.9999999999969
81,435.755213055529,813.154127204309,646.524526886665,707.527298821308,54.4685860512592,10508.9145758627,756.235931041407,722.937772807887,1388.00754620727,62.8723424659182,86.0840136288724,122.822677170874,594.291224224336,9.98812487207517,522.511951762308,42.6286205007959,497.646977879226,281.43735274067,275.752251930688,664.512434911718,177.331540869718,122.615276201636,,47.6206040003223,129.528623150924,714.94594368531,92.5011249233225,923.696755897353,584.97905722419,230.037821761053,21.6203815605857,,43.0200642281613,556.115495495692,163.720081352094,2295.83703310964,697.180726232707,116.834580836222,1728.05643434008,,362.942276976014,546.527841812253,69.9999999999997,17080.3991112721,45829.5843249552,0.372693738397524,79.9999999999968
82,432.781375122758,808.131279957684,642.109868392843,703.772906962561,54.0493847288606,10454.4215559226,751.536976138476,718.882751883141,1380.64956497379,62.0794899732569,78.8990093297406,120.116485911283,584.332743930063,9.94964919627261,520.565698460366,42.4042222442994,490.983524252494,271.506467136124,267.044125296268,654.682091060444,170.303495380816,38.2309971975547,,20.7898196647435,118.480888563827,692.368286492003,82.3039367527411,904.517263284082,575.642096952771,222.773335365849,20.2170918992473,,41.1176012110904,554.237290435214,163.453620042563,2291.9805440387,695.998748452326,116.655770979161,1718.46632833926,,362.185965956685,545.625041847029,70.0999999999997,17445.3370312262,45829.5843249552,0.380656671627868,80.9999999999968
83,429.807537189971,803.108432711057,637.695209899027,700.018515103815,53.6301834064669,10399.9285359829,746.838021235529,714.827730958392,1373.2915837403,61.286637480592,71.7140050306183,117.410294651678,574.374263635792,9.91117352046958,518.619445158422,42.1798239878014,484.320070625746,261.57558153156,258.335998661846,644.851747209162,163.275449891912,,,,107.433153976726,669.790629298679,72.1067485821382,885.337770670858,566.305136681337,215.508848970624,18.8138022379079,,39.215138194019,552.359085374724,163.187158733029,2288.12405496781,694.816770671964,116.476961122102,1708.87622233843,,361.429654937357,544.722241881784,70.1999999999997,17758.0807047026,45829.5843249552,0.38748072814252,81.9999999999968
84,426.833699257186,798.085585464428,633.280551405213,696.264123245068,53.2109820840704,10345.4355160431,742.139066332581,710.772710033647,1365.93360250681,60.4937849879283,64.5290007314946,114.704103392081,564.415783341528,9.87269784466683,516.673191856477,41.9554257313043,477.656616999002,251.644695926999,249.627872027428,635.021403357886,156.247404403012,,,,96.3854193896252,647.212972105364,61.9095604115432,866.158278057644,556.968176409913,208.244362575406,17.410512576568,,37.312675176947,550.480880314237,162.920697423495,2284.26756589692,693.634792891599,116.298151265042,1699.28611633761,,360.673343918029,543.819441916542,70.2999999999997,18011.8035613167,45829.5843249552,0.39301695240358,82.9999999999967
85,423.859861324401,793.0627382178,628.865892911398,692.50973138632,52.7917807616738,10290.9424961034,737.440111429633,706.717689108903,1358.57562127333,59.7009324952645,57.3439964323708,111.997912132485,554.457303047264,9.83422216886408,514.726938554532,41.7310274748072,470.993163372257,241.713810322438,240.919745393009,625.191059506609,149.219358914113,,,,85.3376848025242,624.63531491205,51.7123722409487,846.97878544443,547.631216138488,200.979876180189,16.0072229152281,,35.410212159875,548.602675253749,162.65423611396,2280.41107682603,692.452815111235,116.119341407982,1689.69601033678,,359.9170328987,542.916641951299,70.3999999999997,18265.5264179308,45829.5843249552,0.398553176664639,83.9999999999966
86,420.886023391616,788.039890971171,624.451234417583,688.755339527573,52.3725794392772,10236.4494761636,732.741156526684,702.662668184158,1351.21764003984,58.9080800026006,50.1589921332461,109.291720872888,544.498822752998,9.79574649306133,512.780685252587,41.5066292183101,464.329709745511,231.782924717876,232.21161875859,615.360715655331,142.191313425213,,,,74.289950215422,602.057657718733,41.5151840703525,827.799292831214,538.294255867063,193.71538978497,14.603933253888,,33.5077491428029,546.724470193261,162.387774804426,2276.55458775514,691.27083733087,115.940531550922,1680.10590433596,,359.160721879371,542.013841986057,70.4999999999997,18519.249274545,45829.5843249552,0.4040894009257,84.9999999999966
87,417.912185458645,783.017043724874,620.036575924071,685.000947669088,51.9533781165798,10181.9564562233,728.042201624171,698.607647259425,1343.8596588065,58.1152275102601,42.9739878358046,106.585529613516,534.540342459039,9.75727081727126,510.834431950772,41.2822309618445,457.666256119025,221.852039111607,223.503492123982,605.53037180401,135.163267936688,,,,63.2422156262909,579.480000525791,31.3179959022025,808.619800218414,528.957295595455,186.450903390093,13.2006435925984,,31.6052861262874,544.846265132801,162.121313494869,2272.69809868438,690.088859550449,115.761721693951,1670.51579833539,,358.404410860111,541.111042020863,70.5999999999996,18772.9721311547,45829.5843249552,0.409625625186665,85.9999999999966
88,414.938347526045,777.994196477914,615.621917429953,681.246555810078,51.5341767944841,10127.4634362841,723.343246720788,694.552626334668,1336.50167757286,57.3223750172733,35.7889835349975,103.879338353695,524.58186216447,9.71879514145568,508.888178648698,41.057832705316,451.002802492021,211.921153508752,214.795365489752,595.700027952776,128.135222447413,,,,52.1944810412201,556.902343332101,21.1208077291616,789.440307604783,519.620335324214,179.186416994534,11.7973539312075,,29.7028231086594,542.968060072286,161.854852185357,2268.84160961336,688.906881770141,115.582911836802,1660.92569233431,,357.648099840714,540.208242055572,70.6999999999996,19026.6949877732,45829.5843249552,0.41516184944782,86.9999999999965
89,411.96450959326,772.971349231285,611.207258936139,677.49216395133,51.1149754720874,10072.9704163443,718.64429181784,690.497605409924,1329.14369633938,56.5295225246091,28.603979235874,101.173147094099,514.623381870205,9.68031946565309,506.941925346753,40.8334344488187,444.339348865276,201.990267904191,206.087238855333,585.869684101501,121.107176958514,,,,41.146746454118,534.324686138786,10.9236195585673,770.260814991569,510.283375052789,171.921930599316,10.3940642698681,,27.8003600915868,541.089855011798,161.588390875823,2264.98512054247,687.724903989777,115.404101979742,1651.33558633349,,356.891788821386,539.30544209033,70.7999999999996,19280.4178443873,45829.5843249552,0.42069807370888,87.9999999999964
90,408.990671660475,767.948501984656,606.792600442324,673.737772092582,50.6957741496908,10018.4773964046,713.945336914892,686.44258448518,1321.78571510589,55.7366700319452,21.4189749367495,98.4669558345022,504.664901575939,9.64184378985033,504.995672044808,40.6090361923216,437.675895238531,192.059382299629,197.379112220914,576.039340250223,114.079131469613,,,,30.0990118670156,511.747028945469,0.726431387971142,751.081322378353,500.946414781364,164.657444204098,8.99077460852808,,25.8978970745145,539.21164995131,161.321929566288,2261.12863147158,686.542926209412,115.225292122682,1641.74548033266,,356.135477802057,538.402642125088,70.8999999999996,19534.1407010015,45829.5843249552,0.426234297969941,88.9999999999964
91,406.01683372769,762.925654738027,602.377941948509,669.983380233834,50.276572827294,9963.98437646482,709.246382011944,682.387563560435,1314.4277338724,54.9438175392814,14.2339706376252,95.7607645749058,494.706421281674,9.60336811404757,503.049418742863,40.3846379358245,431.012441611785,182.128496695066,188.670985586494,566.208996398945,107.051085980713,,,,19.0512772799131,489.169371752152,,731.901829765137,491.609454509938,157.392957808879,7.58748494718819,,23.9954340574423,537.333444890822,161.055468256754,2257.2721424007,685.360948429048,115.046482265622,1632.15537433184,,355.379166782728,537.499842159845,70.9999999999996,19778.392800833,45829.5843249552,0.431563870634175,89.9999999999964
92,403.042995794905,757.902807491398,597.963283454694,666.228988375086,49.8573715048976,9909.49135652507,704.547427108996,678.33254263569,1307.06975263891,54.1509650466176,7.04896633850099,93.0545733153091,484.74794098741,9.56489243824483,501.103165440918,40.1602396793274,424.34898798504,172.197611090505,179.962858952076,556.378652547669,100.023040491814,,,,8.0035426928123,466.591714558838,,712.722337151922,482.272494238514,150.128471413662,6.18419528584812,,22.0929710403703,535.455239830334,160.78900694722,2253.41565332981,684.178970648683,114.867672408562,1622.56526833101,,354.6228557634,536.597042194603,71.0999999999996,20021.9184692765,45829.5843249552,0.436877592589775,90.9999999999962
93,400.06915786212,752.87996024477,593.548624960879,662.474596516339,49.438170182501,9854.99833658531,699.848472206048,674.277521710946,1299.71177140543,53.3581125539538,,90.3483820557127,474.789460693146,9.52641676244208,499.156912138974,39.9358414228303,417.685534358296,162.266725485944,171.254732317658,546.548308696393,92.9949950029142,,,,,444.014057365523,,693.542844538708,472.93553396709,142.863985018444,4.78090562450821,,20.1905080232984,533.577034769846,160.522545637685,2249.55916425892,682.996992868319,114.688862551502,1612.97516233019,,353.866544744071,535.694242229361,71.1999999999996,20262.2639078651,45829.5843249552,0.442121922036109,91.9999999999961
94,397.095319929343,747.857112998138,589.133966467059,658.720204657596,49.0189688601031,9800.50531664552,695.149517303102,670.222500786205,1292.35379017195,52.5652600612444,,87.6421907961515,464.830980398903,9.48794108663557,497.21065883703,39.7114431663373,411.022080731556,152.335839881475,162.546605683132,536.717964845116,85.9669495139914,,,,,421.436400172208,,674.363351925508,463.598573695652,135.599498623224,3.3776159630706,,18.2880450062265,531.698829709356,160.256084328151,2245.70267518803,681.815015087954,114.510052694435,1603.38505632937,,353.110233724741,534.791442264122,71.2999999999996,20487.5568374225,45829.5843249552,0.447037806237894,92.9999999999961
95,394.121481996544,742.834265751559,584.719307973326,654.965812798764,48.5997675382396,9746.01229670565,690.45056240021,666.167479861519,1284.99580893876,51.7724075681724,,84.9359995359837,454.872500104874,9.44946541081596,495.264405535029,39.4870449097166,404.358627104715,142.404954277491,153.838479049479,526.887620993947,78.9389040276662,,,,,398.858742979003,,655.183859312113,454.261613424361,128.335012230559,1.97432630210823,,16.3855819903385,529.820624648721,159.989623018621,2241.84618611716,680.633037307615,114.331242837414,1593.79495032836,,352.353922705481,533.888642298938,71.3999999999996,20712.8497669719,45829.5843249552,0.451953690439504,93.9999999999961
96,391.147644063764,737.811418504883,580.304649479434,651.211420940096,48.1805662153112,9691.51927676604,685.751607497203,662.112458936712,1277.63782770496,50.9795550759622,,82.2298082769229,444.914019810351,9.41098973503383,493.318152233139,39.2626466533389,397.69517347806,132.474068672258,145.1303524144,517.057277142561,71.9108585362143,,,,,376.281085785574,,636.004366699062,444.924653152814,121.070525832789,0.571036640488164,,14.483118972082,527.942419588383,159.723161709082,2237.98969704625,679.451059527225,114.152432980322,1584.20484432772,,351.597611686085,532.985842333634,71.4999999999996,20938.142696537,45829.5843249552,0.456869574641456,94.999999999996
97,388.173806130927,732.788571257962,575.889990985634,647.457029081506,47.7613648930166,9637.02625682654,681.052652594752,658.057438011887,1270.27984647157,50.1867025828671,,79.5236170164773,434.955539516213,9.372514059221,491.37189893087,39.0382483968082,391.031719851239,122.543183070139,136.422225780886,507.226933291553,64.8828130483073,,,,,353.703428592853,,616.824874085809,435.587692881228,113.806039436935,,,12.5806559553836,526.064214527791,159.456700399515,2234.1332079754,678.269081746854,113.973623123203,1574.6147383271,,350.841300666758,532.083042368378,71.5999999999996,21162.6033730696,45829.5843249552,0.461767299110023,95.9999999999959
98,385.199968198192,727.765724011629,571.475332491804,643.702637222598,47.3421635705184,9582.53323688653,676.353697691304,654.002417087221,1262.92186523799,49.3938500906337,,76.8174257577285,424.997059221825,9.33403838342827,489.425645629254,38.8138501403395,384.368266224571,112.612297463138,127.714099145557,497.396589440011,57.854767558424,,,,,331.125771398949,,597.645381472625,426.25073260996,106.541553042363,,,10.6781929379304,524.186009467406,159.190239090013,2230.27671890447,677.087103966496,113.794813266202,1565.02463232607,,350.084989647428,531.180242403148,71.6999999999996,21386.4930129694,45829.5843249552,0.466652563578327,96.9999999999959
99,382.226130265409,722.742876764996,567.06067399799,639.948245363852,46.9229622481214,9528.04021694676,671.654742788359,649.947396162478,1255.5638840045,48.6009975979706,,74.1112344981332,415.038578927556,9.29556270762557,487.479392327304,38.5894518838476,377.704812597824,102.681411858572,119.005972511143,487.566245588729,50.8267220695144,,,,,308.548114205625,,578.465888859415,416.913772338539,99.2770666471346,,,8.77572992086561,522.307804406919,158.923777780479,2226.42022983358,675.905126186132,113.616003409142,1555.43452632524,,349.328678628099,530.277442437907,71.7999999999996,21610.3826528654,45829.5843249552,0.471537828046547,97.9999999999959
100,379.252292332624,717.720029518368,562.646015504175,636.193853505105,46.5037609257248,9473.547197007,666.955787885411,645.892375237733,1248.20590277101,47.8081451053069,,71.4050432385367,405.080098633292,9.25708703182282,485.53313902536,38.3650536273505,371.04135897108,92.750526254011,110.297845876724,477.735901737453,43.7986765806148,,,,,285.970457012311,,559.286396246201,407.576812067114,92.0125802519168,,,6.87326690379363,520.429599346432,158.657316470944,2222.56374076269,674.723148405767,113.437193552082,1545.84442032442,,348.57236760877,529.374642472664,71.8999999999996,21834.2722927614,45829.5843249552,0.476423092514765,98.9999999999958