,SpringWheat095,WinterWheat095,BeansDryEdible095,AlfalfaHay095,CornGrain095,Sugarbeets095,GrassHay095,Potatoes095,AlfalfaHay084,Barley089,Oats089,SpringWheat089,Canola089,WinterWheat089,AlfalfaHay089,GrassHay089,Barley085,WinterWheat085,Canola085,AlfalfaHaylage085,BeansDryEdible085,CornGrain085,AlfalfaHay085,GrassHay085,GrassHaylage085,Potatoes085,Oats087,WinterWheat087,SpringWheat087,AlfalfaHay087,GrassHay087,Barley102,AlfalfaHaylage102,SpringWheat102,WinterWheat102,GrassHaylage102,AlfalfaHay102,GrassHay102,Barley097,Oats097,SpringWheat097,WinterWheat097,AlfalfaHaylage097,AlfalfaHay097,CornSilage097,GrassHay097,WinterWheat094,SpringWheat094,CornSilage094,BeansDryEdible094,AlfalfaHay094,CornGrain094,AlfalfaHaylage094,GrassHay094,GrassHaylage094,POP PRICE,POPLAR0,TOTALAC,POPSHARE,POPPROF
1,6363.47709124761,38471.3301591745,113.371392901857,570.22275498303,2329.3209042854,1100.93408805407,152.015116712487,4341.49064333072,995.251667903338,2780.99732211015,1496.52814383096,12434.1392949572,1301.88795582164,144861.798278655,1611.21822943355,543.527182666113,1221.56520634998,71062.1207751607,224.058790558629,109.996502992105,111.978818744713,295.960587621358,5009.01904788236,2946.35050922321,145.485794045537,1364.05479964336,614.649652729158,145.410993915528,628.330178172854,6813.09225691076,36544.3666407356,1486.33981403696,360.734857735488,19679.2047427445,13831.5289402932,427.387314446655,20052.1692932001,1022.69485184749,1412.58166575349,360.097488654101,1727.59397522366,9123.19140977383,590.97579295868,17394.8862198331,764.179212490915,1709.98197947214,6465.76089254688,1744.10321143491,580.884224142067,41.4337004043015,5303.32628885494,388.578080229182,577.556263398301,1444.96014615299,1001.31417048272,62,,454195.415316864,,
2,6363.47709124761,38471.3301591745,113.371392901857,570.22275498303,2329.3209042854,1100.93408805407,152.015116712487,4341.49064333072,995.251667903338,2780.99732211015,1496.52814383096,12434.1392949572,1301.88795582164,144861.798278655,1611.21822943355,543.527182666113,1221.56520634998,71062.1207751607,224.058790558629,109.996502992105,111.978818744713,295.960587621358,5009.01904788236,2946.35050922321,145.485794045537,1364.05479964336,614.649652729158,145.410993915528,628.330178172854,6813.09225691076,36544.3666407356,1486.33981403696,360.734857735488,19679.2047427445,13831.5289402932,427.387314446655,20052.1692932001,1022.69485184749,1412.58166575349,360.097488654101,1727.59397522366,9123.19140977383,590.97579295868,17394.8862198331,764.179212490915,1709.98197947214,6465.76089254688,1744.10321143491,580.884224142067,41.4337004043015,5303.32628885494,388.578080229182,577.556263398301,1444.96014615299,1001.31417048272,62.1,,454195.415316864,,1
3,6363.47709124761,38471.3301591745,113.371392901857,570.22275498303,2329.3209042854,1100.93408805407,152.015116712487,4341.49064333072,995.251667903338,2780.99732211015,1496.52814383096,12434.1392949572,1301.88795582164,144861.798278655,1611.21822943355,543.527182666113,1221.56520634998,71062.1207751607,224.058790558629,109.996502992105,111.978818744713,295.960587621358,5009.01904788236,2946.35050922321,145.485794045537,1364.05479964336,614.649652729158,145.410993915528,628.330178172854,6813.09225691076,36544.3666407356,1486.33981403696,360.734857735488,19679.2047427445,13831.5289402932,427.387314446655,20052.1692932001,1022.69485184749,1412.58166575349,360.097488654101,1727.59397522366,9123.19140977383,590.97579295868,17394.8862198331,764.179212490915,1709.98197947214,6465.76089254688,1744.10321143491,580.884224142067,41.4337004043015,5303.32628885494,388.578080229182,577.556263398301,1444.96014615299,1001.31417048272,62.2,,454195.415316864,,2
4,6363.47709124761,38471.3301591745,113.371392901857,570.22275498303,2329.3209042854,1100.93408805407,152.015116712487,4341.49064333072,995.251667903338,2780.99732211015,1496.52814383096,12434.1392949572,1301.88795582164,144861.798278655,1611.21822943355,543.527182666113,1221.56520634998,71062.1207751607,224.058790558629,109.996502992105,111.978818744713,295.960587621358,5009.01904788236,2946.35050922321,145.485794045537,1364.05479964336,614.649652729158,145.410993915528,628.330178172854,6813.09225691076,36544.3666407356,1486.33981403696,360.734857735488,19679.2047427445,13831.5289402932,427.387314446655,20052.1692932001,1022.69485184749,1412.58166575349,360.097488654101,1727.59397522366,9123.19140977383,590.97579295868,17394.8862198331,764.179212490915,1709.98197947214,6465.76089254688,1744.10321143491,580.884224142067,41.4337004043015,5303.32628885494,388.578080229182,577.556263398301,1444.96014615299,1001.31417048272,62.3,,454195.415316864,,3
5,6363.47709124761,38471.3301591745,113.371392901857,570.22275498303,2329.3209042854,1100.93408805407,152.015116712487,4341.49064333072,995.251667903338,2780.99732211015,1496.52814383096,12434.1392949572,1301.88795582164,144861.798278655,1611.21822943355,543.527182666113,1221.56520634998,71062.1207751607,224.058790558629,109.996502992105,111.978818744713,295.960587621358,5009.01904788236,2946.35050922321,145.485794045537,1364.05479964336,614.649652729158,145.410993915528,628.330178172854,6813.09225691076,36544.3666407356,1486.33981403696,360.734857735488,19679.2047427445,13831.5289402932,427.387314446655,20052.1692932001,1022.69485184749,1412.58166575349,360.097488654101,1727.59397522366,9123.19140977383,590.97579295868,17394.8862198331,764.179212490915,1709.98197947214,6465.76089254688,1744.10321143491,580.884224142067,41.4337004043015,5303.32628885494,388.578080229182,577.556263398301,1444.96014615299,1001.31417048272,62.4,,454195.415316864,,4
6,6363.47709124761,38471.3301591745,113.371392901857,570.22275498303,2329.3209042854,1100.93408805407,152.015116712487,4341.49064333072,995.251667903338,2780.99732211015,1496.52814383096,12434.1392949572,1301.88795582164,144861.798278655,1611.21822943355,543.527182666113,1221.56520634998,71062.1207751607,224.058790558629,109.996502992105,111.978818744713,295.960587621358,5009.01904788236,2946.35050922321,145.485794045537,1364.05479964336,614.649652729158,145.410993915528,628.330178172854,6813.09225691076,36544.3666407356,1486.33981403696,360.734857735488,19679.2047427445,13831.5289402932,427.387314446655,20052.1692932001,1022.69485184749,1412.58166575349,360.097488654101,1727.59397522366,9123.19140977383,590.97579295868,17394.8862198331,764.179212490915,1709.98197947214,6465.76089254688,1744.10321143491,580.884224142067,41.4337004043015,5303.32628885494,388.578080229182,577.556263398301,1444.96014615299,1001.31417048272,62.5,,454195.415316864,,5.00000000000011
7,6363.47709124761,38471.3301591745,113.371392901857,570.22275498303,2329.3209042854,1100.93408805407,152.015116712487,4341.49064333072,995.251667903338,2780.99732211015,1496.52814383096,12434.1392949572,1301.88795582164,144861.798278655,1611.21822943355,543.527182666113,1221.56520634998,71062.1207751607,224.058790558629,109.996502992105,111.978818744713,295.960587621358,5009.01904788236,2946.35050922321,145.485794045537,1364.05479964336,614.649652729158,145.410993915528,628.330178172854,6813.09225691076,36544.3666407356,1486.33981403696,360.734857735488,19679.2047427445,13831.5289402932,427.387314446655,20052.1692932001,1022.69485184749,1412.58166575349,360.097488654101,1727.59397522366,9123.19140977383,590.97579295868,17394.8862198331,764.179212490915,1709.98197947214,6465.76089254688,1744.10321143491,580.884224142067,41.4337004043015,5303.32628885494,388.578080229182,577.556263398301,1444.96014615299,1001.31417048272,62.6,,454195.415316864,,6.00000000000011
8,6363.47709124761,38471.3301591745,113.371392901857,570.22275498303,2329.3209042854,1100.93408805407,152.015116712487,4341.49064333072,995.251667903338,2780.99732211015,1496.52814383096,12434.1392949572,1301.88795582164,144861.798278655,1611.21822943355,543.527182666113,1221.56520634998,71062.1207751607,224.058790558629,109.996502992105,111.978818744713,295.960587621358,5009.01904788236,2946.35050922321,145.485794045537,1364.05479964336,614.649652729158,145.410993915528,628.330178172854,6813.09225691076,36544.3666407356,1486.33981403696,360.734857735488,19679.2047427445,13831.5289402932,427.387314446655,20052.1692932001,1022.69485184749,1412.58166575349,360.097488654101,1727.59397522366,9123.19140977383,590.97579295868,17394.8862198331,764.179212490915,1709.98197947214,6465.76089254688,1744.10321143491,580.884224142067,41.4337004043015,5303.32628885494,388.578080229182,577.556263398301,1444.96014615299,1001.31417048272,62.7,,454195.415316864,,7.00000000000011
9,6363.47709124761,38471.3301591745,113.371392901857,570.22275498303,2329.3209042854,1100.93408805407,152.015116712487,4341.49064333072,995.251667903338,2780.99732211015,1496.52814383096,12434.1392949572,1301.88795582164,144861.798278655,1611.21822943355,543.527182666113,1221.56520634998,71062.1207751607,224.058790558629,109.996502992105,111.978818744713,295.960587621358,5009.01904788236,2946.35050922321,145.485794045537,1364.05479964336,614.649652729158,145.410993915528,628.330178172854,6813.09225691076,36544.3666407356,1486.33981403696,360.734857735488,19679.2047427445,13831.5289402932,427.387314446655,20052.1692932001,1022.69485184749,1412.58166575349,360.097488654101,1727.59397522366,9123.19140977383,590.97579295868,17394.8862198331,764.179212490915,1709.98197947214,6465.76089254688,1744.10321143491,580.884224142067,41.4337004043015,5303.32628885494,388.578080229182,577.556263398301,1444.96014615299,1001.31417048272,62.8,,454195.415316864,,8.00000000000011
10,6363.47709124761,38471.3301591745,113.371392901857,570.22275498303,2329.3209042854,1100.93408805407,152.015116712487,4341.49064333072,995.251667903338,2780.99732211015,1496.52814383096,12434.1392949572,1301.88795582164,144861.798278655,1611.21822943355,543.527182666113,1221.56520634998,71062.1207751607,224.058790558629,109.996502992105,111.978818744713,295.960587621358,5009.01904788236,2946.35050922321,145.485794045537,1364.05479964336,614.649652729158,145.410993915528,628.330178172854,6813.09225691076,36544.3666407356,1486.33981403696,360.734857735488,19679.2047427445,13831.5289402932,427.387314446655,20052.1692932001,1022.69485184749,1412.58166575349,360.097488654101,1727.59397522366,9123.19140977383,590.97579295868,17394.8862198331,764.179212490915,1709.98197947214,6465.76089254688,1744.10321143491,580.884224142067,41.4337004043015,5303.32628885494,388.578080229182,577.556263398301,1444.96014615299,1001.31417048272,62.9,,454195.415316864,,9.00000000000011
11,6363.47709124761,38471.3301591745,113.371392901857,570.22275498303,2329.3209042854,1100.93408805407,152.015116712487,4341.49064333072,995.251667903338,2780.99732211015,1496.52814383096,12434.1392949572,1301.88795582164,144861.798278655,1611.21822943355,543.527182666113,1221.56520634998,71062.1207751607,224.058790558629,109.996502992105,111.978818744713,295.960587621358,5009.01904788236,2946.35050922321,145.485794045537,1364.05479964336,614.649652729158,145.410993915528,628.330178172854,6813.09225691076,36544.3666407356,1486.33981403696,360.734857735488,19679.2047427445,13831.5289402932,427.387314446655,20052.1692932001,1022.69485184749,1412.58166575349,360.097488654101,1727.59397522366,9123.19140977383,590.97579295868,17394.8862198331,764.179212490915,1709.98197947214,6465.76089254688,1744.10321143491,580.884224142067,41.4337004043015,5303.32628885494,388.578080229182,577.556263398301,1444.96014615299,1001.31417048272,63,,454195.415316864,,10.0000000000001
12,6363.47709124761,38471.3301591745,113.371392901857,570.22275498303,2329.3209042854,1100.93408805407,152.015116712487,4341.49064333072,995.251667903338,2780.99732211015,1496.52814383096,12434.1392949572,1301.88795582164,144861.798278655,1611.21822943355,543.527182666113,1221.56520634998,71062.1207751607,224.058790558629,109.996502992105,111.978818744713,295.960587621358,5009.01904788236,2946.35050922321,145.485794045537,1364.05479964336,614.649652729158,145.410993915528,628.330178172854,6813.09225691076,36544.3666407356,1486.33981403696,360.734857735488,19679.2047427445,13831.5289402932,427.387314446655,20052.1692932001,1022.69485184749,1412.58166575349,360.097488654101,1727.59397522366,9123.19140977383,590.97579295868,17394.8862198331,764.179212490915,1709.98197947214,6465.76089254688,1744.10321143491,580.884224142067,41.4337004043015,5303.32628885494,388.578080229182,577.556263398301,1444.96014615299,1001.31417048272,63.1,,454195.415316864,,11.0000000000001
13,6363.47709124761,38471.3301591745,113.371392901857,570.22275498303,2329.3209042854,1100.93408805407,152.015116712487,4341.49064333072,995.251667903338,2780.99732211015,1496.52814383096,12434.1392949572,1301.88795582164,144861.798278655,1611.21822943355,543.527182666113,1221.56520634998,71062.1207751607,224.058790558629,109.996502992105,111.978818744713,295.960587621358,5009.01904788236,2946.35050922321,145.485794045537,1364.05479964336,614.649652729158,145.410993915528,628.330178172854,6813.09225691076,36544.3666407356,1486.33981403696,360.734857735488,19679.2047427445,13831.5289402932,427.387314446655,20052.1692932001,1022.69485184749,1412.58166575349,360.097488654101,1727.59397522366,9123.19140977383,590.97579295868,17394.8862198331,764.179212490915,1709.98197947214,6465.76089254688,1744.10321143491,580.884224142067,41.4337004043015,5303.32628885494,388.578080229182,577.556263398301,1444.96014615299,1001.31417048272,63.2,,454195.415316864,,12.0000000000002
14,6363.47709124761,38471.3301591745,113.371392901857,570.22275498303,2329.3209042854,1100.93408805407,152.015116712487,4341.49064333072,995.251667903338,2780.99732211015,1496.52814383096,12434.1392949572,1301.88795582164,144861.798278655,1611.21822943355,543.527182666113,1221.56520634998,71062.1207751607,224.058790558629,109.996502992105,111.978818744713,295.960587621358,5009.01904788236,2946.35050922321,145.485794045537,1364.05479964336,614.649652729158,145.410993915528,628.330178172854,6813.09225691076,36544.3666407356,1486.33981403696,360.734857735488,19679.2047427445,13831.5289402932,427.387314446655,20052.1692932001,1022.69485184749,1412.58166575349,360.097488654101,1727.59397522366,9123.19140977383,590.97579295868,17394.8862198331,764.179212490915,1709.98197947214,6465.76089254688,1744.10321143491,580.884224142067,41.4337004043015,5303.32628885494,388.578080229182,577.556263398301,1444.96014615299,1001.31417048272,63.3,,454195.415316864,,13.0000000000002
15,6363.47709124761,38471.3301591745,113.371392901857,570.22275498303,2329.3209042854,1100.93408805407,152.015116712487,4341.49064333072,995.251667903338,2780.99732211015,1496.52814383096,12434.1392949572,1301.88795582164,144861.798278655,1611.21822943355,543.527182666113,1221.56520634998,71062.1207751607,224.058790558629,109.996502992105,111.978818744713,295.960587621358,5009.01904788236,2946.35050922321,145.485794045537,1364.05479964336,614.649652729158,145.410993915528,628.330178172854,6813.09225691076,36544.3666407356,1486.33981403696,360.734857735488,19679.2047427445,13831.5289402932,427.387314446655,20052.1692932001,1022.69485184749,1412.58166575349,360.097488654101,1727.59397522366,9123.19140977383,590.97579295868,17394.8862198331,764.179212490915,1709.98197947214,6465.76089254688,1744.10321143491,580.884224142067,41.4337004043015,5303.32628885494,388.578080229182,577.556263398301,1444.96014615299,1001.31417048272,63.4,,454195.415316864,,14.0000000000002
16,6363.47709124761,38471.3301591745,113.371392901857,570.22275498303,2329.3209042854,1100.93408805407,152.015116712487,4341.49064333072,995.251667903338,2780.99732211015,1496.52814383096,12434.1392949572,1301.88795582164,144861.798278655,1611.21822943355,543.527182666113,1221.56520634998,71062.1207751607,224.058790558629,109.996502992105,111.978818744713,295.960587621358,5009.01904788236,2946.35050922321,145.485794045537,1364.05479964336,614.649652729158,145.410993915528,628.330178172854,6813.09225691076,36544.3666407356,1486.33981403696,360.734857735488,19679.2047427445,13831.5289402932,427.387314446655,20052.1692932001,1022.69485184749,1412.58166575349,360.097488654101,1727.59397522366,9123.19140977383,590.97579295868,17394.8862198331,764.179212490915,1709.98197947214,6465.76089254688,1744.10321143491,580.884224142067,41.4337004043015,5303.32628885494,388.578080229182,577.556263398301,1444.96014615299,1001.31417048272,63.5,,454195.415316864,,15.0000000000002
17,6363.47709124761,38471.3301591745,113.371392901857,570.22275498303,2329.3209042854,1100.93408805407,152.015116712487,4341.49064333072,995.251667903338,2780.99732211015,1496.52814383096,12434.1392949572,1301.88795582164,144861.798278655,1611.21822943355,543.527182666113,1221.56520634998,71062.1207751607,224.058790558629,109.996502992105,111.978818744713,295.960587621358,5009.01904788236,2946.35050922321,145.485794045537,1364.05479964336,614.649652729158,145.410993915528,628.330178172854,6813.09225691076,36544.3666407356,1486.33981403696,360.734857735488,19679.2047427445,13831.5289402932,427.387314446655,20052.1692932001,1022.69485184749,1412.58166575349,360.097488654101,1727.59397522366,9123.19140977383,590.97579295868,17394.8862198331,764.179212490915,1709.98197947214,6465.76089254688,1744.10321143491,580.884224142067,41.4337004043015,5303.32628885494,388.578080229182,577.556263398301,1444.96014615299,1001.31417048272,63.6,,454195.415316864,,16.0000000000002
18,6363.47709124761,38471.3301591745,113.371392901857,570.22275498303,2329.3209042854,1100.93408805407,152.015116712487,4341.49064333072,995.251667903338,2780.99732211015,1496.52814383096,12434.1392949572,1301.88795582164,144861.798278655,1611.21822943355,543.527182666113,1221.56520634998,71062.1207751607,224.058790558629,109.996502992105,111.978818744713,295.960587621358,5009.01904788236,2946.35050922321,145.485794045537,1364.05479964336,614.649652729158,145.410993915528,628.330178172854,6813.09225691076,36544.3666407356,1486.33981403696,360.734857735488,19679.2047427445,13831.5289402932,427.387314446655,20052.1692932001,1022.69485184749,1412.58166575349,360.097488654101,1727.59397522366,9123.19140977383,590.97579295868,17394.8862198331,764.179212490915,1709.98197947214,6465.76089254688,1744.10321143491,580.884224142067,41.4337004043015,5303.32628885494,388.578080229182,577.556263398301,1444.96014615299,1001.31417048272,63.7,,454195.415316864,,17.0000000000002
19,6363.47709124761,38471.3301591745,113.371392901857,570.22275498303,2329.3209042854,1100.93408805407,152.015116712487,4341.49064333072,995.251667903338,2780.99732211015,1496.52814383096,12434.1392949572,1301.88795582164,144861.798278655,1611.21822943355,543.527182666113,1221.56520634998,71062.1207751607,224.058790558629,109.996502992105,111.978818744713,295.960587621358,5009.01904788236,2946.35050922321,145.485794045537,1364.05479964336,614.649652729158,145.410993915528,628.330178172854,6813.09225691076,36544.3666407356,1486.33981403696,360.734857735488,19679.2047427445,13831.5289402932,427.387314446655,20052.1692932001,1022.69485184749,1412.58166575349,360.097488654101,1727.59397522366,9123.19140977383,590.97579295868,17394.8862198331,764.179212490915,1709.98197947214,6465.76089254688,1744.10321143491,580.884224142067,41.4337004043015,5303.32628885494,388.578080229182,577.556263398301,1444.96014615299,1001.31417048272,63.8,,454195.415316864,,18.0000000000002
20,6363.47709124761,38471.3301591745,113.371392901857,570.22275498303,2329.3209042854,1100.93408805407,152.015116712487,4341.49064333072,995.251667903338,2780.99732211015,1496.52814383096,12434.1392949572,1301.88795582164,144861.798278655,1611.21822943355,543.527182666113,1221.56520634998,71062.1207751607,224.058790558629,109.996502992105,111.978818744713,295.960587621358,5009.01904788236,2946.35050922321,145.485794045537,1364.05479964336,614.649652729158,145.410993915528,628.330178172854,6813.09225691076,36544.3666407356,1486.33981403696,360.734857735488,19679.2047427445,13831.5289402932,427.387314446655,20052.1692932001,1022.69485184749,1412.58166575349,360.097488654101,1727.59397522366,9123.19140977383,590.97579295868,17394.8862198331,764.179212490915,1709.98197947214,6465.76089254688,1744.10321143491,580.884224142067,41.4337004043015,5303.32628885494,388.578080229182,577.556263398301,1444.96014615299,1001.31417048272,63.9,,454195.415316864,,19.0000000000002
21,6363.47709124761,38471.3301591745,113.371392901857,570.22275498303,2329.3209042854,1100.93408805407,152.015116712487,4341.49064333072,995.251667903338,2780.99732211015,1496.52814383096,12434.1392949572,1301.88795582164,144861.798278655,1611.21822943355,543.527182666113,1221.56520634998,71062.1207751607,224.058790558629,109.996502992105,111.978818744713,295.960587621358,5009.01904788236,2946.35050922321,145.485794045537,1364.05479964336,614.649652729158,145.410993915528,628.330178172854,6813.09225691076,36544.3666407356,1486.33981403696,360.734857735488,19679.2047427445,13831.5289402932,427.387314446655,20052.1692932001,1022.69485184749,1412.58166575349,360.097488654101,1727.59397522366,9123.19140977383,590.97579295868,17394.8862198331,764.179212490915,1709.98197947214,6465.76089254688,1744.10321143491,580.884224142067,41.4337004043015,5303.32628885494,388.578080229182,577.556263398301,1444.96014615299,1001.31417048272,64,,454195.415316864,,20.0000000000002
22,6363.47709124761,38471.3301591745,113.371392901857,570.22275498303,2329.3209042854,1100.93408805407,152.015116712487,4341.49064333072,995.251667903338,2780.99732211015,1496.52814383096,12434.1392949572,1301.88795582164,144861.798278655,1611.21822943355,543.527182666113,1221.56520634998,71062.1207751607,224.058790558629,109.996502992105,111.978818744713,295.960587621358,5009.01904788236,2946.35050922321,145.485794045537,1364.05479964336,614.649652729158,145.410993915528,628.330178172854,6813.09225691076,36544.3666407356,1486.33981403696,360.734857735488,19679.2047427445,13831.5289402932,427.387314446655,20052.1692932001,1022.69485184749,1412.58166575349,360.097488654101,1727.59397522366,9123.19140977383,590.97579295868,17394.8862198331,764.179212490915,1709.98197947214,6465.76089254688,1744.10321143491,580.884224142067,41.4337004043015,5303.32628885494,388.578080229182,577.556263398301,1444.96014615299,1001.31417048272,64.1,,454195.415316864,,21.0000000000002
23,6363.47709124761,38471.3301591745,113.371392901857,570.22275498303,2329.3209042854,1100.93408805407,152.015116712487,4341.49064333072,995.251667903338,2780.99732211015,1496.52814383096,12434.1392949572,1301.88795582164,144861.798278655,1611.21822943355,543.527182666113,1221.56520634998,71062.1207751607,224.058790558629,109.996502992105,111.978818744713,295.960587621358,5009.01904788236,2946.35050922321,145.485794045537,1364.05479964336,614.649652729158,145.410993915528,628.330178172854,6813.09225691076,36544.3666407356,1486.33981403696,360.734857735488,19679.2047427445,13831.5289402932,427.387314446655,20052.1692932001,1022.69485184749,1412.58166575349,360.097488654101,1727.59397522366,9123.19140977383,590.97579295868,17394.8862198331,764.179212490915,1709.98197947214,6465.76089254688,1744.10321143491,580.884224142067,41.4337004043015,5303.32628885494,388.578080229182,577.556263398301,1444.96014615299,1001.31417048272,64.2,,454195.415316864,,22.0000000000002
24,6363.47709124761,38471.3301591745,113.371392901857,570.22275498303,2329.3209042854,1100.93408805407,152.015116712487,4341.49064333072,995.251667903338,2780.99732211015,1496.52814383096,12434.1392949572,1301.88795582164,144861.798278655,1611.21822943355,543.527182666113,1221.56520634998,71062.1207751607,224.058790558629,109.996502992105,111.978818744713,295.960587621358,5009.01904788236,2946.35050922321,145.485794045537,1364.05479964336,614.649652729158,145.410993915528,628.330178172854,6813.09225691076,36544.3666407356,1486.33981403696,360.734857735488,19679.2047427445,13831.5289402932,427.387314446655,20052.1692932001,1022.69485184749,1412.58166575349,360.097488654101,1727.59397522366,9123.19140977383,590.97579295868,17394.8862198331,764.179212490915,1709.98197947214,6465.76089254688,1744.10321143491,580.884224142067,41.4337004043015,5303.32628885494,388.578080229182,577.556263398301,1444.96014615299,1001.31417048272,64.3,,454195.415316864,,23.0000000000001
25,6363.47709124761,38471.3301591745,113.371392901857,570.22275498303,2329.3209042854,1100.93408805407,152.015116712487,4341.49064333072,995.251667903338,2780.99732211015,1496.52814383096,12434.1392949572,1301.88795582164,144861.798278655,1611.21822943355,543.527182666113,1221.56520634998,71062.1207751607,224.058790558629,109.996502992105,111.978818744713,295.960587621358,5009.01904788236,2946.35050922321,145.485794045537,1364.05479964336,614.649652729158,145.410993915528,628.330178172854,6813.09225691076,36544.3666407356,1486.33981403696,360.734857735488,19679.2047427445,13831.5289402932,427.387314446655,20052.1692932001,1022.69485184749,1412.58166575349,360.097488654101,1727.59397522366,9123.19140977383,590.97579295868,17394.8862198331,764.179212490915,1709.98197947214,6465.76089254688,1744.10321143491,580.884224142067,41.4337004043015,5303.32628885494,388.578080229182,577.556263398301,1444.96014615299,1001.31417048272,64.4,,454195.415316864,,24
26,6363.47709124761,38471.3301591745,113.371392901857,570.22275498303,2329.3209042854,1100.93408805407,152.015116712487,4341.49064333072,995.251667903338,2780.99732211015,1496.52814383096,12434.1392949572,1301.88795582164,144861.798278655,1611.21822943355,543.527182666113,1221.56520634998,71062.1207751607,224.058790558629,109.996502992105,111.978818744713,295.960587621358,5009.01904788236,2946.35050922321,145.485794045537,1364.05479964336,614.649652729158,145.410993915528,628.330178172854,6813.09225691076,36544.3666407356,1486.33981403696,360.734857735488,19679.2047427445,13831.5289402932,427.387314446655,20052.1692932001,1022.69485184749,1412.58166575349,360.097488654101,1727.59397522366,9123.19140977383,590.97579295868,17394.8862198331,764.179212490915,1709.98197947214,6465.76089254688,1744.10321143491,580.884224142067,41.4337004043015,5303.32628885494,388.578080229182,577.556263398301,1444.96014615299,1001.31417048272,64.5,,454195.415316864,,25
27,6363.47709124761,38471.3301591745,113.371392901857,570.22275498303,2329.3209042854,1100.93408805407,152.015116712487,4341.49064333072,995.251667903338,2780.99732211015,1496.52814383096,12434.1392949572,1301.88795582164,144861.798278655,1611.21822943355,543.527182666113,1221.56520634998,71062.1207751607,224.058790558629,109.996502992105,111.978818744713,295.960587621358,5009.01904788236,2946.35050922321,145.485794045537,1364.05479964336,614.649652729158,145.410993915528,628.330178172854,6813.09225691076,36544.3666407356,1486.33981403696,360.734857735488,19679.2047427445,13831.5289402932,427.387314446655,20052.1692932001,1022.69485184749,1412.58166575349,360.097488654101,1727.59397522366,9123.19140977383,590.97579295868,17394.8862198331,764.179212490915,1709.98197947214,6465.76089254688,1744.10321143491,580.884224142067,41.4337004043015,5303.32628885494,388.578080229182,577.556263398301,1444.96014615299,1001.31417048272,64.6,,454195.415316864,,26
28,6363.47709124761,38471.3301591745,113.371392901857,570.22275498303,2329.3209042854,1100.93408805407,152.015116712487,4341.49064333072,995.251667903338,2780.99732211015,1496.52814383096,12434.1392949572,1301.88795582164,144861.798278655,1611.21822943355,543.527182666113,1221.56520634998,71062.1207751607,224.058790558629,109.996502992105,111.978818744713,295.960587621358,5009.01904788236,2946.35050922321,145.485794045537,1364.05479964336,614.649652729158,145.410993915528,628.330178172854,6813.09225691076,36544.3666407356,1486.33981403696,360.734857735488,19679.2047427445,13831.5289402932,427.387314446655,20052.1692932001,1022.69485184749,1412.58166575349,360.097488654101,1727.59397522366,9123.19140977383,590.97579295868,17394.8862198331,764.179212490915,1709.98197947214,6465.76089254688,1744.10321143491,580.884224142067,41.4337004043015,5303.32628885494,388.578080229182,577.556263398301,1444.96014615299,1001.31417048272,64.7,,454195.415316864,,26.9999999999999
29,6363.47709124761,38471.3301591745,113.371392901857,570.22275498303,2329.3209042854,1100.93408805407,152.015116712487,4341.49064333072,995.251667903338,2780.99732211015,1496.52814383096,12434.1392949572,1301.88795582164,144861.798278655,1611.21822943355,543.527182666113,1221.56520634998,71062.1207751607,224.058790558629,109.996502992105,111.978818744713,295.960587621358,5009.01904788236,2946.35050922321,145.485794045537,1364.05479964336,614.649652729158,145.410993915528,628.330178172854,6813.09225691076,36544.3666407356,1486.33981403696,360.734857735488,19679.2047427445,13831.5289402932,427.387314446655,20052.1692932001,1022.69485184749,1412.58166575349,360.097488654101,1727.59397522366,9123.19140977383,590.97579295868,17394.8862198331,764.179212490915,1709.98197947214,6465.76089254688,1744.10321143491,580.884224142067,41.4337004043015,5303.32628885494,388.578080229182,577.556263398301,1444.96014615299,1001.31417048272,64.8,,454195.415316864,,27.9999999999998
30,6363.47709124761,38471.3301591745,113.371392901857,570.22275498303,2329.3209042854,1100.93408805407,152.015116712487,4341.49064333072,995.251667903338,2780.99732211015,1496.52814383096,12434.1392949572,1301.88795582164,144861.798278655,1611.21822943355,543.527182666113,1221.56520634998,71062.1207751607,224.058790558629,109.996502992105,111.978818744713,295.960587621358,5009.01904788236,2946.35050922321,145.485794045537,1364.05479964336,614.649652729158,145.410993915528,628.330178172854,6813.09225691076,36544.3666407356,1486.33981403696,360.734857735488,19679.2047427445,13831.5289402932,427.387314446655,20052.1692932001,1022.69485184749,1412.58166575349,360.097488654101,1727.59397522366,9123.19140977383,590.97579295868,17394.8862198331,764.179212490915,1709.98197947214,6465.76089254688,1744.10321143491,580.884224142067,41.4337004043015,5303.32628885494,388.578080229182,577.556263398301,1444.96014615299,1001.31417048272,64.9,,454195.415316864,,28.9999999999998
31,6363.47709124761,38471.3301591745,113.371392901857,570.22275498303,2329.3209042854,1100.93408805407,152.015116712487,4341.49064333072,995.251667903338,2780.99732211015,1496.52814383096,12434.1392949572,1301.88795582164,144861.798278655,1611.21822943355,543.527182666113,1221.56520634998,71062.1207751607,224.058790558629,109.996502992105,111.978818744713,295.960587621358,5009.01904788236,2946.35050922321,145.485794045537,1364.05479964336,614.649652729158,145.410993915528,628.330178172854,6813.09225691076,36544.3666407356,1486.33981403696,360.734857735488,19679.2047427445,13831.5289402932,427.387314446655,20052.1692932001,1022.69485184749,1412.58166575349,360.097488654101,1727.59397522366,9123.19140977383,590.97579295868,17394.8862198331,764.179212490915,1709.98197947214,6465.76089254688,1744.10321143491,580.884224142067,41.4337004043015,5303.32628885494,388.578080229182,577.556263398301,1444.96014615299,1001.31417048272,65,,454195.415316864,,29.9999999999998
32,6363.47709124761,38471.3301591745,113.371392901857,570.22275498303,2329.3209042854,1100.93408805407,152.015116712487,4341.49064333072,995.251667903338,2780.99732211015,1496.52814383096,12434.1392949572,1301.88795582164,144861.798278655,1611.21822943355,543.527182666113,1221.56520634998,71062.1207751607,224.058790558629,109.996502992105,111.978818744713,295.960587621358,5009.01904788236,2946.35050922321,145.485794045537,1364.05479964336,614.649652729158,145.410993915528,628.330178172854,6813.09225691076,36544.3666407356,1486.33981403696,360.734857735488,19679.2047427445,13831.5289402932,427.387314446655,20052.1692932001,1022.69485184749,1412.58166575349,360.097488654101,1727.59397522366,9123.19140977383,590.97579295868,17394.8862198331,764.179212490915,1709.98197947214,6465.76089254688,1744.10321143491,580.884224142067,41.4337004043015,5303.32628885494,388.578080229182,577.556263398301,1444.96014615299,1001.31417048272,65.1,,454195.415316864,,30.9999999999997
33,6363.47709124761,38471.3301591745,113.371392901857,570.22275498303,2329.3209042854,1100.93408805407,152.015116712487,4341.49064333072,995.251667903338,2780.99732211015,1496.52814383096,12434.1392949572,1301.88795582164,144861.798278655,1611.21822943355,543.527182666113,1221.56520634998,71062.1207751607,224.058790558629,109.996502992105,111.978818744713,295.960587621358,5009.01904788236,2946.35050922321,145.485794045537,1364.05479964336,614.649652729158,145.410993915528,628.330178172854,6813.09225691076,36544.3666407356,1486.33981403696,360.734857735488,19679.2047427445,13831.5289402932,427.387314446655,20052.1692932001,1022.69485184749,1412.58166575349,360.097488654101,1727.59397522366,9123.19140977383,590.97579295868,17394.8862198331,764.179212490915,1709.98197947214,6465.76089254688,1744.10321143491,580.884224142067,41.4337004043015,5303.32628885494,388.578080229182,577.556263398301,1444.96014615299,1001.31417048272,65.2,,454195.415316864,,31.9999999999995
34,6363.47709124761,38471.3301591745,113.371392901857,570.22275498303,2329.3209042854,1100.93408805407,152.015116712487,4341.49064333072,995.251667903338,2780.99732211015,1496.52814383096,12434.1392949572,1301.88795582164,144861.798278655,1611.21822943355,543.527182666113,1221.56520634998,71062.1207751607,224.058790558629,109.996502992105,111.978818744713,295.960587621358,5009.01904788236,2946.35050922321,145.485794045537,1364.05479964336,614.649652729158,145.410993915528,628.330178172854,6813.09225691076,36544.3666407356,1486.33981403696,360.734857735488,19679.2047427445,13831.5289402932,427.387314446655,20052.1692932001,1022.69485184749,1412.58166575349,360.097488654101,1727.59397522366,9123.19140977383,590.97579295868,17394.8862198331,764.179212490915,1709.98197947214,6465.76089254688,1744.10321143491,580.884224142067,41.4337004043015,5303.32628885494,388.578080229182,577.556263398301,1444.96014615299,1001.31417048272,65.3,,454195.415316864,,32.9999999999995
35,6363.47709124761,38471.3301591745,113.371392901857,570.22275498303,2329.3209042854,1100.93408805407,152.015116712487,4341.49064333072,995.251667903338,2780.99732211015,1496.52814383096,12434.1392949572,1301.88795582164,144861.798278655,1611.21822943355,543.527182666113,1221.56520634998,71062.1207751607,224.058790558629,109.996502992105,111.978818744713,295.960587621358,5009.01904788236,2946.35050922321,145.485794045537,1364.05479964336,614.649652729158,145.410993915528,628.330178172854,6813.09225691076,36544.3666407356,1486.33981403696,360.734857735488,19679.2047427445,13831.5289402932,427.387314446655,20052.1692932001,1022.69485184749,1412.58166575349,360.097488654101,1727.59397522366,9123.19140977383,590.97579295868,17394.8862198331,764.179212490915,1709.98197947214,6465.76089254688,1744.10321143491,580.884224142067,41.4337004043015,5303.32628885494,388.578080229182,577.556263398301,1444.96014615299,1001.31417048272,65.4,,454195.415316864,,33.9999999999995
36,6363.47709124761,38471.3301591745,113.371392901857,570.22275498303,2329.3209042854,1100.93408805407,152.015116712487,4341.49064333072,995.251667903338,2780.99732211015,1496.52814383096,12434.1392949572,1301.88795582164,144861.798278655,1611.21822943355,543.527182666113,1221.56520634998,71062.1207751607,224.058790558629,109.996502992105,111.978818744713,295.960587621358,5009.01904788236,2946.35050922321,145.485794045537,1364.05479964336,614.649652729158,145.410993915528,628.330178172854,6813.09225691076,36544.3666407356,1486.33981403696,360.734857735488,19679.2047427445,13831.5289402932,427.387314446655,20052.1692932001,1022.69485184749,1412.58166575349,360.097488654101,1727.59397522366,9123.19140977383,590.97579295868,17394.8862198331,764.179212490915,1709.98197947214,6465.76089254688,1744.10321143491,580.884224142067,41.4337004043015,5303.32628885494,388.578080229182,577.556263398301,1444.96014615299,1001.31417048272,65.4999999999999,,454195.415316864,,34.9999999999994
37,6363.47709124761,38471.3301591745,113.371392901857,570.22275498303,2329.3209042854,1100.93408805407,152.015116712487,4341.49064333072,995.251667903338,2780.99732211015,1496.52814383096,12434.1392949572,1301.88795582164,144861.798278655,1611.21822943355,543.527182666113,1221.56520634998,71062.1207751607,224.058790558629,109.996502992105,111.978818744713,295.960587621358,5009.01904788236,2946.35050922321,145.485794045537,1364.05479964336,614.649652729158,145.410993915528,628.330178172854,6813.09225691076,36544.3666407356,1486.33981403696,360.734857735488,19679.2047427445,13831.5289402932,427.387314446655,20052.1692932001,1022.69485184749,1412.58166575349,360.097488654101,1727.59397522366,9123.19140977383,590.97579295868,17394.8862198331,764.179212490915,1709.98197947214,6465.76089254688,1744.10321143491,580.884224142067,41.4337004043015,5303.32628885494,388.578080229182,577.556263398301,1444.96014615299,1001.31417048272,65.5999999999999,,454195.415316864,,35.9999999999993
38,6363.47709124761,38471.3301591745,113.371392901857,570.22275498303,2329.3209042854,1100.93408805407,152.015116712487,4341.49064333072,995.251667903338,2780.99732211015,1496.52814383096,12434.1392949572,1301.88795582164,144861.798278655,1611.21822943355,543.527182666113,1221.56520634998,71062.1207751607,224.058790558629,109.996502992105,111.978818744713,295.960587621358,5009.01904788236,2946.35050922321,145.485794045537,1364.05479964336,614.649652729158,145.410993915528,628.330178172854,6813.09225691076,36544.3666407356,1486.33981403696,360.734857735488,19679.2047427445,13831.5289402932,427.387314446655,20052.1692932001,1022.69485184749,1412.58166575349,360.097488654101,1727.59397522366,9123.19140977383,590.97579295868,17394.8862198331,764.179212490915,1709.98197947214,6465.76089254688,1744.10321143491,580.884224142067,41.4337004043015,5303.32628885494,388.578080229182,577.556263398301,1444.96014615299,1001.31417048272,65.6999999999999,,454195.415316864,,36.9999999999993
39,6363.47709124761,38471.3301591745,113.371392901857,570.22275498303,2329.3209042854,1100.93408805407,152.015116712487,4341.49064333072,995.251667903338,2780.99732211015,1496.52814383096,12434.1392949572,1301.88795582164,144861.798278655,1611.21822943355,543.527182666113,1221.56520634998,71062.1207751607,224.058790558629,109.996502992105,111.978818744713,295.960587621358,5009.01904788236,2946.35050922321,145.485794045537,1364.05479964336,614.649652729158,145.410993915528,628.330178172854,6813.09225691076,36544.3666407356,1486.33981403696,360.734857735488,19679.2047427445,13831.5289402932,427.387314446655,20052.1692932001,1022.69485184749,1412.58166575349,360.097488654101,1727.59397522366,9123.19140977383,590.97579295868,17394.8862198331,764.179212490915,1709.98197947214,6465.76089254688,1744.10321143491,580.884224142067,41.4337004043015,5303.32628885494,388.578080229182,577.556263398301,1444.96014615299,1001.31417048272,65.7999999999999,,454195.415316864,,37.9999999999993
40,6363.47709124761,38471.3301591745,113.371392901857,570.22275498303,2329.3209042854,1100.93408805407,152.015116712487,4341.49064333072,995.251667903338,2780.99732211015,1496.52814383096,12434.1392949572,1301.88795582164,144861.798278655,1611.21822943355,543.527182666113,1221.56520634998,71062.1207751607,224.058790558629,109.996502992105,111.978818744713,295.960587621358,5009.01904788236,2946.35050922321,145.485794045537,1364.05479964336,614.649652729158,145.410993915528,628.330178172854,6813.09225691076,36544.3666407356,1486.33981403696,360.734857735488,19679.2047427445,13831.5289402932,427.387314446655,20052.1692932001,1022.69485184749,1412.58166575349,360.097488654101,1727.59397522366,9123.19140977383,590.97579295868,17394.8862198331,764.179212490915,1709.98197947214,6465.76089254688,1744.10321143491,580.884224142067,41.4337004043015,5303.32628885494,388.578080229182,577.556263398301,1444.96014615299,1001.31417048272,65.8999999999999,,454195.415316864,,38.9999999999992
41,6363.47709124761,38471.3301591745,113.371392901857,570.22275498303,2329.3209042854,1100.93408805407,152.015116712487,4341.49064333072,995.251667903338,2780.99732211015,1496.52814383096,12434.1392949572,1301.88795582164,144861.798278655,1611.21822943355,543.527182666113,1221.56520634998,71062.1207751607,224.058790558629,109.996502992105,111.978818744713,295.960587621358,5009.01904788236,2946.35050922321,145.485794045537,1364.05479964336,614.649652729158,145.410993915528,628.330178172854,6813.09225691076,36544.3666407356,1486.33981403696,360.734857735488,19679.2047427445,13831.5289402932,427.387314446655,20052.1692932001,1022.69485184749,1412.58166575349,360.097488654101,1727.59397522366,9123.19140977383,590.97579295868,17394.8862198331,764.179212490915,1709.98197947214,6465.76089254688,1744.10321143491,580.884224142067,41.4337004043015,5303.32628885494,388.578080229182,577.556263398301,1444.96014615299,1001.31417048272,65.9999999999999,,454195.415316864,,39.9999999999991
42,6363.47709124761,38471.3301591745,113.371392901857,570.22275498303,2329.3209042854,1100.93408805407,152.015116712487,4341.49064333072,995.251667903338,2780.99732211015,1496.52814383096,12434.1392949572,1301.88795582164,144861.798278655,1611.21822943355,543.527182666113,1221.56520634998,71062.1207751607,224.058790558629,109.996502992105,111.978818744713,295.960587621358,5009.01904788236,2946.35050922321,145.485794045537,1364.05479964336,614.649652729158,145.410993915528,628.330178172854,6813.09225691076,36544.3666407356,1486.33981403696,360.734857735488,19679.2047427445,13831.5289402932,427.387314446655,20052.1692932001,1022.69485184749,1412.58166575349,360.097488654101,1727.59397522366,9123.19140977383,590.97579295868,17394.8862198331,764.179212490915,1709.98197947214,6465.76089254688,1744.10321143491,580.884224142067,41.4337004043015,5303.32628885494,388.578080229182,577.556263398301,1444.96014615299,1001.31417048272,66.0999999999999,,454195.415316864,,40.9999999999991
43,6363.47709124761,38471.3301591745,113.371392901857,570.22275498303,2329.3209042854,1100.93408805407,152.015116712487,4341.49064333072,995.251667903338,2780.99732211015,1496.52814383096,12434.1392949572,1301.88795582164,144861.798278655,1611.21822943355,543.527182666113,1221.56520634998,71062.1207751607,224.058790558629,109.996502992105,111.978818744713,295.960587621358,5009.01904788236,2946.35050922321,145.485794045537,1364.05479964336,614.649652729158,145.410993915528,628.330178172854,6813.09225691076,36544.3666407356,1486.33981403696,360.734857735488,19679.2047427445,13831.5289402932,427.387314446655,20052.1692932001,1022.69485184749,1412.58166575349,360.097488654101,1727.59397522366,9123.19140977383,590.97579295868,17394.8862198331,764.179212490915,1709.98197947214,6465.76089254688,1744.10321143491,580.884224142067,41.4337004043015,5303.32628885494,388.578080229182,577.556263398301,1444.96014615299,1001.31417048272,66.1999999999999,,454195.415316864,,41.9999999999991
44,6363.47709124761,38471.3301591745,113.371392901857,570.22275498303,2329.3209042854,1100.93408805407,152.015116712487,4341.49064333072,995.251667903338,2780.99732211015,1496.52814383096,12434.1392949572,1301.88795582164,144861.798278655,1611.21822943355,543.527182666113,1221.56520634998,71062.1207751607,224.058790558629,109.996502992105,111.978818744713,295.960587621358,5009.01904788236,2946.35050922321,145.485794045537,1364.05479964336,614.649652729158,145.410993915528,628.330178172854,6813.09225691076,36544.3666407356,1486.33981403696,360.734857735488,19679.2047427445,13831.5289402932,427.387314446655,20052.1692932001,1022.69485184749,1412.58166575349,360.097488654101,1727.59397522366,9123.19140977383,590.97579295868,17394.8862198331,764.179212490915,1709.98197947214,6465.76089254688,1744.10321143491,580.884224142067,41.4337004043015,5303.32628885494,388.578080229182,577.556263398301,1444.96014615299,1001.31417048272,66.2999999999999,,454195.415316864,,42.999999999999
45,6363.47709124761,38471.3301591745,113.371392901857,570.22275498303,2329.3209042854,1100.93408805407,152.015116712487,4341.49064333072,995.251667903338,2780.99732211015,1496.52814383096,12434.1392949572,1301.88795582164,144861.798278655,1611.21822943355,543.527182666113,1221.56520634998,71062.1207751607,224.058790558629,109.996502992105,111.978818744713,295.960587621358,5009.01904788236,2946.35050922321,145.485794045537,1364.05479964336,614.649652729158,145.410993915528,628.330178172854,6813.09225691076,36544.3666407356,1486.33981403696,360.734857735488,19679.2047427445,13831.5289402932,427.387314446655,20052.1692932001,1022.69485184749,1412.58166575349,360.097488654101,1727.59397522366,9123.19140977383,590.97579295868,17394.8862198331,764.179212490915,1709.98197947214,6465.76089254688,1744.10321143491,580.884224142067,41.4337004043015,5303.32628885494,388.578080229182,577.556263398301,1444.96014615299,1001.31417048272,66.3999999999999,,454195.415316864,,43.9999999999989
46,6363.47709124761,38471.3301591745,113.371392901857,570.22275498303,2329.3209042854,1100.93408805407,152.015116712487,4341.49064333072,995.251667903338,2780.99732211015,1496.52814383096,12434.1392949572,1301.88795582164,144861.798278655,1611.21822943355,543.527182666113,1221.56520634998,71062.1207751607,224.058790558629,109.996502992105,111.978818744713,295.960587621358,5009.01904788236,2946.35050922321,145.485794045537,1364.05479964336,614.649652729158,145.410993915528,628.330178172854,6813.09225691076,36544.3666407356,1486.33981403696,360.734857735488,19679.2047427445,13831.5289402932,427.387314446655,20052.1692932001,1022.69485184749,1412.58166575349,360.097488654101,1727.59397522366,9123.19140977383,590.97579295868,17394.8862198331,764.179212490915,1709.98197947214,6465.76089254688,1744.10321143491,580.884224142067,41.4337004043015,5303.32628885494,388.578080229182,577.556263398301,1444.96014615299,1001.31417048272,66.4999999999999,,454195.415316864,,44.9999999999989
47,6357.92623813468,38445.010829296,113.128505554594,569.98938893032,2328.28458559086,1100.68916206277,151.981345700037,4340.91609889008,994.660469832097,2764.38326052216,1492.59315452084,12420.1925287318,1300.78832509107,144748.660314155,1610.2666844581,543.374089163509,1210.84456545041,71020.1498306098,223.952626123677,109.908598282729,111.717195165761,295.780606098938,5005.33251130937,2945.75754820492,145.467414623917,1363.86721298143,613.022759722236,145.279955752819,628.008663010662,6809.77924174532,36534.9875321842,,358.60645065085,19659.8104393964,13818.4903932036,425.885832619327,20002.8813605561,1021.96414919094,1193.7799012566,358.719122349493,1726.13739993958,9116.28923600159,590.392943207201,17384.7517428843,763.438309182147,1709.42217024958,6458.70068936279,1743.0369672508,580.083624923329,41.3587508436093,5300.92480175388,388.361966337139,577.204256705377,1444.66418326532,1001.15628310194,66.5999999999999,1100.49259347132,453213.254809603,0.002428200371001,45.9999999999989
48,6317.87679287508,38255.1166743272,111.376071591644,568.305651176267,2320.80753873266,1098.92201926845,151.737687601552,4336.77075660546,990.394971482564,2644.51268629329,1464.20217825713,12319.5665097884,1292.85448143609,143932.369083988,1603.40128059479,542.269518437636,1133.49506400989,70717.3291628526,223.186648959515,109.274365170345,109.829579155989,294.482038116095,4978.73412333669,2941.4793301797,145.334806964317,1362.51377386219,601.284714939154,144.334514463424,625.688928795692,6785.87581342302,36467.3171963151,,343.249978178592,19519.8804008083,13724.4171818784,415.052630401868,19647.2685709143,1016.69212425184,,348.774199516745,1715.62819875564,9066.49000243526,586.187678044979,17311.6314185781,758.092686463718,1705.38314266975,6407.76127244971,1735.34400776943,574.307295783763,40.8179892224496,5283.59805499281,386.802703046773,574.66452587618,1442.52880889542,1000.01712451043,66.6999999999999,3486.14015020555,451681.374108649,0.007718140153742,46.9999999999988
49,6277.82734761548,38065.2225193585,109.623637628695,566.621913422214,2313.33049187446,1097.15487647413,151.494029503066,4332.62541432085,986.12947313303,2524.64211206442,1435.81120199342,12218.9404908449,1284.92063778111,143116.07785382,1596.53587673147,541.164947711763,1056.14556256937,70414.5084950954,222.420671795353,108.640132057961,107.941963146217,293.183470133252,4952.135735364,2937.20111215448,145.202199304717,1361.16033474294,589.546670156072,143.389073174029,623.369194580723,6761.97238510073,36399.6468604461,,327.893505706333,19379.9503622202,13630.3439705532,404.219428184409,19291.6557812726,1011.42009931274,,338.829276683997,1705.1189975717,9016.69076886893,581.982412882757,17238.5110942718,752.747063745288,1701.34411508993,6356.82185553663,1727.65104828807,568.530966644196,40.2772276012899,5266.27130823174,385.243439756407,572.124795046982,1440.39343452552,998.877965918928,66.7999999999999,5274.89775631179,450746.383358324,0.011702584759551,47.9999999999986
50,6237.77790235588,37875.3283643897,107.871203665745,564.938175668161,2305.85344501626,1095.38773367981,151.25037140458,4328.48007203623,981.863974783496,2404.77153783553,1407.42022572971,12118.3144719015,1276.98679412612,142299.786623653,1589.67047286815,540.06037698589,978.796061128844,70111.6878273381,221.654694631191,108.005898945576,106.054347136444,291.88490215041,4925.53734739132,2932.92289412926,145.069591645117,1359.8068956237,577.808625372988,142.443631884634,621.049460365754,6738.06895677843,36331.976524577,,312.537033234073,19240.0203236321,13536.270759228,393.386225966948,18936.0429916307,1006.14807437364,,328.884353851248,1694.60979638776,8966.8915353026,577.777147720535,17165.3907699655,747.401441026858,1697.3050875101,6305.88243862355,1719.9580888067,562.754637504628,39.7364659801302,5248.94456147067,383.684176466041,569.585064217785,1438.25806015561,997.738807327424,66.8999999999999,7063.65536241824,449811.392608,0.015703593725057,48.9999999999986
51,6197.72845709628,37685.4342094209,106.118769702795,563.254437914108,2298.37639815806,1093.62059088549,151.006713306095,4324.33472975162,977.598476433962,2284.90096360665,1379.029249466,12017.688452958,1269.05295047114,141483.495393486,1582.80506900483,538.955806260018,901.446559688315,69808.8671595808,220.888717467029,107.371665833192,104.166731126672,290.586334167567,4898.93895941863,2928.64467610404,144.936983985517,1358.45345650445,566.070580589905,141.49819059524,618.729726150784,6714.16552845613,36264.306188708,,297.180560761813,19100.090285044,13442.1975479028,382.553023749488,18580.4302019889,1000.87604943454,,318.9394310185,1684.10059520382,8917.09230173626,573.571882558312,17092.2704456592,742.055818308429,1693.26605993028,6254.94302171046,1712.26512932534,556.978308365061,39.1957043589704,5231.6178147096,382.124913175675,567.045333388587,1436.12268578571,996.599648735919,66.9999999999999,8852.41296852458,448876.401857674,0.019721270558864,49.9999999999986
52,6157.67901183669,37495.5400544521,104.366335739845,561.570700160055,2290.89935129986,1091.85344809117,150.763055207609,4320.18938746701,973.332978084429,2165.03038937778,1350.63827320229,11917.0624340146,1261.11910681616,140667.204163319,1575.93966514152,537.851235534145,824.097058247795,69506.0464918235,220.122740302867,106.737432720808,102.279115116899,289.287766184724,4872.34057144595,2924.36645807882,144.804376325917,1357.1000173852,554.332535806823,140.552749305845,616.409991935815,6690.26210013384,36196.635852839,,281.824088289555,18960.1602464559,13348.1243365776,371.719821532028,18224.8174123471,995.604024495445,,308.994508185752,1673.59139401989,8867.29306816994,569.36661739609,17019.150121353,736.710195589999,1689.22703235046,6204.00360479739,1704.57216984397,551.201979225494,38.6549427378107,5214.29106794853,380.565649885309,564.50560255939,1433.98731141581,995.460490144415,67.0999999999998,10641.1705746308,447941.41110735,0.023755719633791,50.9999999999985
53,6117.62956657709,37305.6458994833,102.613901776896,559.886962406002,2283.42230444167,1090.08630529685,150.519397109123,4316.04404518239,969.067479734896,2045.1598151489,1322.24729693858,11816.4364150712,1253.18526316117,139850.912933152,1569.0742612782,536.746664808272,746.747556807274,69203.2258240662,219.356763138705,106.103199608423,100.391499107127,287.989198201882,4845.74218347326,2920.0882400536,144.671768666317,1355.74657826596,542.59449102374,139.60730801645,614.090257720846,6666.35867181154,36128.9655169698,,266.467615817296,18820.2302078678,13254.0511252524,360.886619314569,17869.2046227053,990.331999556346,,299.049585353004,1663.08219283595,8817.4938346036,565.161352233869,16946.0297970467,731.36457287157,1685.18800477063,6153.06418788431,1696.87921036261,545.425650085927,38.114181116651,5196.96432118746,379.006386594943,561.965871730193,1431.8519370459,994.32133155291,67.1999999999998,12429.9281807371,447006.420357025,0.027807046195912,51.9999999999984
54,6077.58012131749,37115.7517445145,100.861467813946,558.203224651949,2275.94525758347,1088.31916250253,150.275739010638,4311.89870289778,964.801981385362,1925.28924092002,1293.85632067487,11715.8103961277,1245.25141950619,139034.621702985,1562.20885741488,535.642094082399,669.398055366746,68900.405156309,218.590785974542,105.468966496039,98.5038830973547,286.690630219039,4819.14379550058,2915.81002202839,144.539161006717,1354.39313914671,530.856446240657,138.661866727055,611.770523505876,6642.45524348924,36061.2951811007,,251.111143345036,18680.3001692798,13159.9779139272,350.053417097108,17513.5918330635,985.059974617248,,289.104662520255,1652.57299165201,8767.69460103727,560.956087071646,16872.9094727404,726.01895015314,1681.14897719081,6102.12477097123,1689.18625088125,539.649320946359,37.5734194954913,5179.63757442639,377.447123304577,559.426140900996,1429.716562676,993.182172961406,67.2999999999998,14218.6857868434,446071.4296067,0.031875356373709,52.9999999999984
55,6037.53067605789,36925.8575895457,99.1090338509959,556.519486897896,2268.46821072527,1086.55201970821,150.032080912152,4307.75336061316,960.536483035828,1805.41866669113,1265.46534441116,11615.1843771843,1237.31757585121,138218.330472818,1555.34345355156,534.537523356527,592.048553926218,68597.5844885516,217.82480881038,104.834733383654,96.6162670875823,285.392062236196,4792.54540752789,2911.53180400317,144.406553347117,1353.03970002746,519.118401457573,137.71642543766,609.450789290907,6618.55181516695,35993.6248452317,,235.754670872776,18540.3701306917,13065.904702602,339.220214879648,17157.9790434217,979.787949678149,,279.159739687506,1642.06379046807,8717.89536747094,556.750821909424,16799.7891484341,720.67332743471,1677.10994961098,6051.18535405814,1681.49329139988,533.872991806792,37.0326578743315,5162.31082766532,375.887860014211,556.886410071798,1427.5811883061,992.043014369902,67.3999999999998,16007.4433929497,445136.438856375,0.035960757187336,53.9999999999984
56,5997.4812307983,36735.963434577,97.3565998880463,554.835749143843,2260.99116386707,1084.78487691389,149.788422813666,4303.60801832855,956.270984686295,1685.54809246226,1237.07436814745,11514.5583582408,1229.38373219623,137402.039242651,1548.47804968824,533.432952630654,514.699052485698,68294.7638207944,217.058831646218,104.20050027127,94.72865107781,284.093494253354,4765.94701955521,2907.25358597795,144.273945687517,1351.68626090822,507.380356674491,136.770984148265,607.131055075937,6594.64838684465,35925.9545093627,,220.398198400517,18400.4400921036,12971.8314912768,328.387012662189,16802.3662537799,974.515924739051,,269.214816854758,1631.55458928413,8668.0961339046,552.545556747202,16726.6688241279,715.327704716281,1673.07092203116,6000.24593714506,1673.80033191852,528.096662667225,36.4918962531718,5144.98408090425,374.328596723845,554.346679242601,1425.44581393619,990.903855778397,67.4999999999998,17796.2009990559,444201.44810605,0.040063356558007,54.9999999999983
57,5957.4317855387,36546.0692796082,95.6041659250966,553.15201138979,2253.51411700887,1083.01773411957,149.544764715181,4299.46267604394,952.005486336761,1565.67751823339,1208.68339188375,11413.9323392974,1221.44988854124,136585.748012484,1541.61264582493,532.328381904781,437.349551045177,67991.9431530371,216.292854482056,103.566267158886,92.8410350680378,282.794926270511,4739.34863158252,2902.97536795273,144.141338027917,1350.33282178897,495.642311891409,135.82554285887,604.811320860968,6570.74495852236,35858.2841734936,,205.041725928259,18260.5100535155,12877.7582799516,317.55381044473,16446.7534641381,969.243899799953,,259.26989402201,1621.0453881002,8618.29690033828,548.34029158498,16653.5484998216,709.982081997852,1669.03189445133,5949.30652023199,1666.10737243715,522.320333527658,35.9511346320121,5127.65733414318,372.769333433479,551.806948413404,1423.31043956629,989.764697186893,67.5999999999998,19584.9586051621,443266.457355725,0.044183263317497,55.9999999999982
58,5917.3823402791,36356.1751246394,93.8517319621468,551.468273635737,2246.03707015067,1081.25059132524,149.301106616695,4295.31733375932,947.739987987227,1445.8069440045,1180.29241562003,11313.306320354,1213.51604488626,135769.456782317,1534.74724196161,531.223811178908,360.000049604648,67689.1224852798,215.526877317894,102.932034046501,90.9534190582654,281.496358287668,4712.75024360984,2898.69714992751,144.008730368317,1348.97938266972,483.904267108325,134.880101569475,602.491586645999,6546.84153020006,35790.6138376246,,189.685253455999,18120.5800149274,12783.6850686263,306.720608227269,16091.1406744963,963.971874860854,,249.324971189261,1610.53618691626,8568.49766677194,544.135026422758,16580.4281755153,704.636459279422,1664.99286687151,5898.3671033189,1658.41441295579,516.54400438809,35.4103730108524,5110.33058738211,371.210070143113,549.267217584206,1421.17506519638,988.625538595388,67.6999999999998,21373.7162112685,442331.4666054,0.048320587217766,56.9999999999982
59,5877.3328950195,36166.2809696706,92.0992979991969,549.784535881684,2238.56002329247,1079.48344853092,149.057448518209,4291.17199147471,943.474489637694,1325.93636977562,1151.90143935632,11212.6803014105,1205.58220123128,134953.16555215,1527.88183809829,530.119240453035,282.650548164119,67386.3018175226,214.760900153732,102.297800934117,89.0658030484929,280.197790304825,4686.15185563715,2894.41893190229,143.876122708717,1347.62594355048,472.166222325242,133.93466028008,600.171852431029,6522.93810187776,35722.9435017555,,174.328780983739,17980.6499763393,12689.6118573011,295.887406009808,15735.5278848544,958.699849921756,,239.380048356512,1600.02698573232,8518.69843320561,539.929761260535,16507.307851209,699.290836560992,1660.95383929169,5847.42768640582,1650.72145347442,510.767675248523,34.8696113896926,5093.00384062104,369.650806852747,546.727486755008,1419.03969082648,987.486380003884,67.7999999999998,23162.4738173749,441396.475855075,0.052475438940704,57.9999999999982
60,5837.2834497599,35976.3868147018,90.3468640362473,548.100798127631,2231.08297643427,1077.7163057366,148.813790419724,4287.0266491901,939.20899128816,1206.06579554674,1123.51046309261,11112.0542824671,1197.64835757629,134136.874321983,1521.01643423497,529.014669727163,205.3010467236,67083.4811497653,213.99492298957,101.663567821733,87.1781870387207,278.899222321983,4659.55346766447,2890.14071387707,143.743515049118,1346.27250443123,460.42817754216,132.989218990686,597.85211821606,6499.03467355547,35655.2731658864,,158.97230851148,17840.7199377512,12595.5386459759,285.054203792349,15379.9150952126,953.427824982658,,229.435125523764,1589.51778454838,8468.89919963928,535.724496098313,16434.1875269028,693.945213842563,1656.91481171186,5796.48826949274,1643.02849399306,504.991346108956,34.3288497685329,5075.67709385997,368.091543562381,544.187755925811,1416.90431645658,986.34722141238,67.8999999999998,24951.231423481,440461.48510475,0.056647930108003,58.9999999999981
61,5797.23400450031,35786.492659733,88.5944300732976,546.417060373578,2223.60592957607,1075.94916294228,148.570132321238,4282.88130690548,934.943492938627,1086.19522131787,1095.11948682891,11011.4282635236,1189.71451392131,133320.583091816,1514.15103037165,527.91009900129,127.951545283079,66780.660482008,213.228945825408,101.029334709348,85.2905710289484,277.60065433914,4632.95507969178,2885.86249585185,143.610907389518,1344.91906531199,448.690132759078,132.043777701291,595.532384001091,6475.13124523317,35587.6028300174,,143.615836039222,17700.7898991631,12501.4654346507,274.22100157489,15024.3023055709,948.15580004356,,219.490202691016,1579.00858336444,8419.09996607295,531.519230936092,16361.0672025965,688.599591124134,1652.87578413204,5745.54885257966,1635.33553451169,499.215016969389,33.7880881473732,5058.3503470989,366.532280272015,541.648025096614,1414.76894208668,985.208062820875,67.9999999999998,26739.9890295871,439526.494354425,0.060838173291152,59.999999999998
62,5757.18455924071,35596.5985047642,86.8419961103478,544.733322619525,2216.12888271787,1074.18202014796,148.326474222752,4278.73596462087,930.677994589093,966.324647088988,1066.72851056519,10910.8022445802,1181.78067026633,132504.291861649,1507.28562650834,526.805528275417,50.6020438425498,66477.8398142507,212.462968661246,100.395101596964,83.402955019176,276.302086356297,4606.3566917191,2881.58427782663,143.478299729918,1343.56562619274,436.952087975994,131.098336411896,593.212649786121,6451.22781691087,35519.9324941483,,128.259363566962,17560.8598605751,12407.3922233255,263.38779935743,14668.689515929,942.883775104461,,209.545279858268,1568.4993821805,8369.30073250662,527.313965773869,16287.9468782902,683.253968405704,1648.83675655221,5694.60943566658,1627.64257503033,493.438687829822,33.2473265262135,5041.02360033783,364.973016981649,539.108294267417,1412.63356771677,984.06890422937,68.0999999999998,28528.7466356936,438591.5036041,0.065046282021563,60.999999999998
63,5717.13511398111,35406.7043497954,85.0895621473979,543.049584865472,2208.65183585967,1072.41487735364,148.082816124267,4274.59062233625,926.412496239559,846.454072860104,1038.33753430148,10810.1762256368,1173.84682661134,131688.000631481,1500.42022264502,525.700957549544,,66175.0191464934,211.696991497084,99.7608684845794,81.5153390094036,275.003518373455,4579.75830374641,2877.30605980141,143.345692070318,1342.21218707349,425.21404319291,130.152895122501,590.892915571152,6427.32438858858,35452.2621582793,,112.902891094701,17420.929821987,12313.3190120003,252.554597139969,14313.0767262872,937.611750165362,,199.600357025519,1557.99018099657,8319.50149894028,523.108700611647,16214.8265539839,677.908345687274,1644.79772897239,5643.6700187535,1619.94961554896,487.662358690254,32.7065649050537,5023.69685357676,363.413753691283,536.568563438219,1410.49819334687,982.929745637866,68.1999999999998,30304.130513001,437669.886582574,0.069239697411267,61.999999999998
64,5677.08566872151,35216.8101948266,83.3371281844483,541.365847111419,2201.17478900147,1070.64773455932,147.839158025781,4270.44528005164,922.146997890026,726.583498631231,1009.94655803778,10709.5502066933,1165.91298295636,130871.709401314,1493.5548187817,524.596386823672,,65872.1984787362,210.931014332921,99.1266353721951,79.6277229996313,273.704950390612,4553.15991577373,2873.02784177619,143.213084410718,1340.85874795425,413.475998409828,129.207453833106,588.573181356182,6403.42096026628,35384.5918224102,,97.546418622443,17280.9997833989,12219.2458006751,241.72139492251,13957.4639366454,932.339725226264,,189.655434192771,1547.48097981263,8269.70226537395,518.903435449425,16141.7062296776,672.562722968845,1640.75870139256,5592.73060184042,1612.2566560676,481.886029550687,32.165803283894,5006.37010681569,361.854490400918,534.028832609022,1408.36281897696,981.790587046362,68.2999999999998,32054.2133683868,436773.57058297,0.073388628633375,62.9999999999978
65,5637.03622346192,35026.9160398579,81.5846942214986,539.682109357366,2193.69774214327,1068.880591765,147.595499927296,4266.29993776702,917.881499540492,606.712924402358,981.555581774067,10608.9241877499,1157.97913930138,130055.418171147,1486.68941491838,523.491816097799,,65569.3778109789,210.165037168759,98.4924022598107,77.7401069898591,272.40638240777,4526.56152780105,2868.74962375097,143.080476751118,1339.505308835,401.737953626746,128.262012543711,586.253447141213,6379.51753194398,35316.9214865412,,82.1899461501844,17141.0697448108,12125.1725893499,230.88819270505,13601.8511470036,927.067700287166,,179.710511360023,1536.97177862869,8219.90303180762,514.698170287203,16068.5859053714,667.217100250416,1636.71967381274,5541.79118492734,1604.56369658624,476.10970041112,31.6250416627343,4989.04336005462,360.295227110552,531.489101779825,1406.22744460706,980.651428454858,68.3999999999998,33804.2962237728,435877.254583365,0.077554623161249,63.9999999999977
66,5596.98677820232,34837.0218848891,79.8322602585488,537.998371603313,2186.22069528507,1067.11344897068,147.35184182881,4262.15459548241,913.616001190958,486.842350173473,953.164605510355,10508.2981688064,1150.04529564639,129239.12694098,1479.82401105506,522.387245371926,,65266.5571432216,209.399060004597,97.8581691474263,75.8524909800866,271.107814424927,4499.96313982836,2864.47140572575,142.947869091518,1338.15186971575,389.999908843663,127.316571254316,583.933712926244,6355.61410362169,35249.2511506721,,66.8334736779244,17001.1397062227,12031.0993780247,220.05499048759,13246.2383573618,921.795675348068,,169.765588527274,1526.46257744475,8170.10379824129,510.492905124981,15995.4655810651,661.871477531986,1632.68064623292,5490.85176801426,1596.87073710487,470.333371271553,31.0842800415746,4971.71661329355,358.735963820186,528.949370950627,1404.09207023716,979.512269863353,68.4999999999998,35554.3790791588,434980.93858376,0.081737786476159,64.9999999999977
67,5556.93733294272,34647.1277299203,78.0798262955989,536.31463384926,2178.74364842687,1065.34630617636,147.108183730324,4258.0092531978,909.350502841425,366.97177594459,924.773629246644,10407.672149863,1142.11145199141,128422.835710813,1472.95860719175,521.282674646053,,64963.7364754644,208.633082840435,97.2239360350419,73.9648749703141,269.809246442084,4473.36475185567,2860.19318770053,142.815261431918,1336.79843059651,378.261864060579,126.371129964921,581.613978711274,6331.71067529939,35181.5808148031,,51.4770012056644,16861.2096676346,11937.0261666995,209.22178827013,12890.62556772,916.523650408969,,159.820665694525,1515.95337626081,8120.30456467495,506.287639962758,15922.3452567588,656.525854813556,1628.64161865309,5439.91235110118,1589.17777762351,464.557042131985,30.5435184204148,4954.38986653248,357.17670052982,526.40964012143,1401.95669586725,978.373111271848,68.5999999999998,37304.4619345449,434084.622584156,0.085938224930584,65.9999999999977
68,5516.88788768312,34457.2335749515,76.3273923326493,534.630896095207,2171.26660156867,1063.57916338204,146.864525631839,4253.86391091318,905.085004491891,247.101201715718,896.382652982936,10307.0461309196,1134.17760833643,127606.544480646,1466.09320332843,520.178103920181,,64660.9158077071,207.867105676273,96.5897029226576,72.0772589605419,268.510678459241,4446.76636388299,2855.91496967531,142.682653772318,1335.44499147726,366.523819277497,125.425688675526,579.294244496305,6307.8072469771,35113.910478934,,36.1205287334059,16721.2796290465,11842.9529553743,198.38858605267,12535.0127780782,911.251625469871,,149.875742861777,1505.44417507688,8070.50533110862,502.082374800536,15849.2249324525,651.180232095127,1624.60259107327,5388.9729341881,1581.48481814214,458.780712992418,30.0027567992551,4937.06311977141,355.617437239454,523.869909292232,1399.82132149735,977.233952680344,68.6999999999998,39054.5447899307,433188.306584551,0.090156045757223,66.9999999999976
69,5476.83844242353,34267.3394199827,74.5749583696997,532.947158341154,2163.78955471048,1061.81202058771,146.620867533353,4249.71856862857,900.819506142358,127.230627486843,867.991676719228,10206.4201119761,1126.24376468144,126790.253250479,1459.22779946511,519.073533194308,,64358.0951399498,207.101128512111,95.9554698102732,70.1896429507697,267.212110476399,4420.16797591031,2851.63675165009,142.550046112718,1334.09155235802,354.785774494415,124.480247386132,576.974510281336,6283.9038186548,35046.240143065,,20.7640562611474,16581.3495904585,11748.8797440491,187.555383835211,12179.3999884364,905.979600530773,,139.930820029029,1494.93497389294,8020.70609754229,497.877109638314,15776.1046081463,645.834609376697,1620.56356349344,5338.03351727502,1573.79185866078,453.004383852851,29.4619951780954,4919.73637301034,354.058173949088,521.330178463035,1397.68594712745,976.09479408884,68.7999999999998,40804.6276453167,432291.990584946,0.094391357078124,67.9999999999975
70,5436.78899716393,34077.4452650139,72.8225244067498,531.263420587101,2156.31250785228,1060.04487779339,146.377209434867,4245.57322634396,896.554007792824,7.36005325796051,839.600700455517,10105.7940930327,1118.30992102646,125973.962020312,1452.36239560179,517.968962468435,,64055.2744721925,206.335151347949,95.3212366978888,68.3020269409973,265.913542493556,4393.56958793762,2847.35853362487,142.417438453118,1332.73811323877,343.047729711331,123.534806096737,574.654776066366,6260.0003903325,34978.5698071959,,5.40758378888714,16441.4195518704,11654.8065327239,176.72218161775,11823.7871987946,900.707575591674,,129.98589719628,1484.425772709,7970.90686397596,493.671844476092,15702.98428384,640.488986658268,1616.52453591362,5287.09410036194,1566.09889917941,447.228054713284,28.9212335569357,4902.40962624927,352.498910658722,518.790447633838,1395.55057275754,974.955635497335,68.8999999999998,42554.7105007029,431395.674585342,0.09864426791392,68.9999999999975
71,5396.73955190433,33887.5511100452,71.0700904438001,529.579682833048,2148.83546099407,1058.27773499907,146.133551336382,4241.42788405934,892.288509443291,,811.209724191807,10005.1680740892,1110.37607737148,125157.670790145,1445.49699173848,516.864391742562,,63752.4538044353,205.569174183787,94.6870035855043,66.4144109312249,264.614974510713,4366.97119996494,2843.08031559965,142.284830793518,1331.38467411952,331.309684928248,122.589364807342,572.335041851397,6236.0969620102,34910.8994713268,,,16301.4895132823,11560.7333213987,165.888979400289,11468.1744091527,895.435550652577,,120.040974363531,1473.91657152506,7921.10763040963,489.466579313869,15629.8639595337,635.143363939837,1612.48550833379,5236.15468344885,1558.40593969805,441.451725573717,28.380471935776,4885.08287948821,350.939647368355,516.250716804641,1393.41519838764,973.816476905832,68.9999999999998,44238.5892069201,430555.613846222,0.102747677150763,69.9999999999975
72,5356.69010664473,33697.6569550764,69.3176564808503,527.895945078995,2141.35841413588,1056.51059220475,145.889893237896,4237.28254177473,888.023011093757,,782.818747928097,9904.54205514581,1102.44223371649,124341.379559978,1438.63158787516,515.75982101669,,63449.633136678,204.803197019625,94.0527704731201,64.5267949214526,263.316406527871,4340.37281199225,2838.80209757443,142.152223133918,1330.03123500028,319.571640145166,121.643923517947,570.015307636428,6212.19353368791,34843.2291354578,,,16161.5594746942,11466.6601100735,155.055777182831,11112.5616195109,890.163525713478,,110.096051530784,1463.40737034112,7871.3083968433,485.261314151648,15556.7436352274,629.797741221408,1608.44648075397,5185.21526653578,1550.71298021668,435.675396434149,27.8397103146162,4867.75613272713,349.38038407799,513.710985975443,1391.27982401774,972.677318314326,69.0999999999997,45913.3803027194,429719.233133732,0.106845067110205,70.9999999999974
73,5316.64066138514,33507.7628001076,67.5652225179007,526.212207324942,2133.88136727768,1054.74344941043,145.64623513941,4233.13719949011,883.757512744223,,754.427771664389,9803.91603620237,1094.50839006151,123525.088329811,1431.76618401184,514.655250290817,,63146.8124689207,204.037219855463,93.4185373607357,62.6391789116803,262.017838545028,4313.77442401957,2834.52387954921,142.019615474318,1328.67779588103,307.833595362084,120.698482228552,567.695573421458,6188.29010536562,34775.5587995887,,,16021.6294361061,11372.5868987483,144.222574965371,10756.9488298692,884.89150077438,,100.151128698036,1452.89816915718,7821.50916327697,481.056048989426,15483.6233109212,624.452118502979,1604.40745317414,5134.2758496227,1543.02002073532,429.899067294582,27.2989486934565,4850.42938596606,347.821120787624,511.171255146246,1389.14444964783,971.538159722822,69.1999999999997,47588.1713985187,428882.852421242,0.110958438020689,71.9999999999973
74,5276.59121612553,33317.8686451388,65.8127885549509,524.528469570889,2126.40432041948,1052.97630661611,145.402577040925,4228.9918572055,879.492014394689,,726.036795400676,9703.29001725892,1086.57454640653,122708.797099644,1424.90078014852,513.550679564944,,62843.9918011634,203.271242691301,92.7843042483523,60.7515629019103,260.719270562185,4287.17603604688,2830.24566152399,141.887007814718,1327.32435676178,296.095550578997,119.753040939157,565.375839206489,6164.38667704332,34707.8884637197,,,15881.699397518,11278.5136874231,133.389372747911,10401.3360402273,879.619475835282,,90.2062058652881,1442.38896797324,7771.70992971063,476.850783827202,15410.5029866149,619.10649578455,1600.36842559432,5083.33643270961,1535.32706125396,424.122738155014,26.7581870722976,4833.10263920499,346.261857497259,508.631524317048,1387.00907527793,970.399001131318,69.2999999999997,49262.9624943182,428046.471708751,0.115087883560076,72.9999999999973
75,5236.54177086593,33127.97449017,64.0603545920012,522.844731816836,2118.92727356128,1051.20916382179,145.158918942439,4224.84651492088,875.226516045156,,697.645819136965,9602.66399831548,1078.64070275154,121892.505869477,1418.0353762852,512.446108839071,,62541.1711334062,202.505265527138,92.150071135967,58.8639468921341,259.420702579342,4260.57764807419,2825.96744349877,141.754400155118,1325.97091764254,284.357505795916,118.807599649762,563.056104991519,6140.48324872102,34640.2181278506,,,15741.7693589299,11184.4404760978,122.55617053045,10045.7232505855,874.347450896182,,80.2612830325389,1431.87976678931,7721.91069614429,472.645518664981,15337.3826623086,613.760873066119,1596.3293980145,5032.39701579653,1527.63410177259,418.346409015447,26.2174254511362,4815.77589244392,344.702594206892,506.09179348785,1384.87370090803,969.259842539813,69.3999999999997,50937.7535901176,427210.090996261,0.119233498139826,73.9999999999973
76,5196.49232560634,32938.0803352012,62.3079206290491,521.160994062783,2111.45022670308,1049.44202102747,144.915260843953,4220.70117263627,870.961017695623,,669.254842873254,9502.03797937205,1070.70685909656,121076.21463931,1411.16997242189,511.341538113199,,62238.3504656489,201.739288362976,91.5158380235827,56.9763308823636,258.1221345965,4233.97926010151,2821.68922547355,141.621792495518,1324.61747852329,272.619461012839,117.862158360369,560.73637077655,6116.57982039872,34572.5477919815,,,15601.8393203418,11090.3672647726,111.722968312992,9690.11046094372,869.075425957084,,70.3163601997832,1421.37056560537,7672.11146257797,468.44025350276,15264.2623380023,608.41525034769,1592.29037043467,4981.45759888346,1519.94114229123,412.570079875881,25.6766638299766,4798.44914568285,343.143330916526,503.552062658653,1382.73832653812,968.120683948309,69.4999999999997,52612.5446859167,426373.710283771,0.123395376912194,74.9999999999972
77,5156.44288034674,32748.1861802324,60.5554866661017,519.47725630873,2103.97317984488,1047.67487823315,144.671602745468,4216.55583035166,866.695519346089,,640.86386660955,9401.41196042861,1062.77301544158,120259.923409143,1404.30456855857,510.236967387326,,61935.5297978916,200.973311198814,90.8816049111982,55.088714872591,256.823566613657,4207.38087212883,2817.41100744833,141.489184835919,1323.26403940404,260.881416229752,116.916717070973,558.416636561581,6092.67639207643,34504.8774561125,,,15461.9092817538,10996.2940534474,100.889766095532,9334.49767130192,863.803401017986,,60.3714373670421,1410.86136442143,7622.31222901164,464.234988340538,15191.1420136961,603.069627629261,1588.25134285485,4930.51818197038,1512.24818280986,406.793750736314,25.1359022088176,4781.12239892178,341.58406762616,501.012331829456,1380.60295216822,966.981525356805,69.5999999999997,54287.3357817159,425537.329571281,0.127573615777514,75.999999999997
78,5116.39343508714,32558.2920252636,58.8030527031518,517.793518554677,2096.49613298668,1045.90773543883,144.427944646982,4212.41048806704,862.430020996555,,612.472890345838,9300.78594148517,1054.8391717866,119443.632178975,1397.43916469525,509.132396661453,,61632.7091301343,200.207334034652,90.2473717988138,53.2010988628186,255.524998630814,4180.78248415614,2813.13278942311,141.356577176319,1321.9106002848,249.143371446669,115.971275781578,556.096902346611,6068.77296375413,34437.2071202434,,,15321.9792431657,10902.2208421222,90.0565638780714,8978.88488166009,858.531376078888,,50.4265145342931,1400.35216323749,7572.51299544531,460.029723178315,15118.0216893898,597.724004910831,1584.21231527502,4879.57876505729,1504.5552233285,401.017421596746,24.5951405876579,4763.79565216071,340.024804335794,498.472601000259,1378.46757779832,965.8423667653,69.6999999999997,55962.1268775154,424700.948858791,0.131768311391558,76.999999999997
79,5076.34398982754,32368.3978702948,57.050618740202,516.109780800624,2089.01908612848,1044.14059264451,144.184286548496,4208.26514578243,858.164522647021,,584.081914082128,9200.15992254172,1046.90532813161,118627.340948808,1390.57376083193,508.02782593558,,61329.888462377,199.44135687049,89.6131386864294,51.3134828530461,254.226430647972,4154.18409618345,2808.85457139789,141.223969516719,1320.55716116555,237.405326663585,115.025834492183,553.777168131642,6044.86953543183,34369.5367843744,,,15182.0492045776,10808.147630797,79.2233616606109,8623.27209201826,853.259351139789,,40.481591701544,1389.84296205355,7522.71376187897,455.824458016093,15044.9013650835,592.378382192401,1580.1732876952,4828.63934814421,1496.86226384713,395.241092457178,24.0543789664981,4746.46890539964,338.465541045428,495.932870171061,1376.33220342841,964.703208173796,69.7999999999997,57636.9179733148,423864.5681463,0.135979561172994,77.999999999997
80,5036.29454456795,32178.5037153261,55.2981847772524,514.426043046571,2081.54203927028,1042.37344985019,143.940628450011,4204.11980349782,853.899024297488,,555.690937818419,9099.53390359829,1038.97148447663,117811.049718641,1383.70835696861,506.923255209708,,61027.0677946198,198.675379706328,88.9789055740451,49.4258668432739,252.927862665129,4127.58570821077,2804.57635337268,141.091361857119,1319.20372204631,225.667281880503,114.080393202788,551.457433916673,6020.96610710954,34301.8664485053,,,15042.1191659895,10714.0744194718,68.3901594431516,8267.65930237648,847.987326200691,,30.5366688687963,1379.33376086962,7472.91452831264,451.619192853871,14971.7810407772,587.032759473972,1576.13426011537,4777.69993123113,1489.16930436577,389.464763317612,23.5136173453384,4729.14215863857,336.906277755062,493.393139341864,1374.19682905851,963.564049582291,69.8999999999997,59311.709069114,423028.18743381,0.140207463310927,78.9999999999969
81,4996.24509930835,31988.6095603573,53.5457508143027,512.742305292518,2074.06499241208,1040.60630705586,143.696970351525,4199.9744612132,849.633525947954,,527.299961554711,8998.90788465486,1031.03764082165,116994.758488474,1376.8429531053,505.818684483835,,60724.2471268625,197.909402542166,88.3446724616608,47.5382508335016,251.629294682286,4100.98732023809,2800.29813534746,140.958754197519,1317.85028292706,213.929237097421,113.134951913393,549.137699701703,5997.06267878724,34234.1961126363,,,14902.1891274014,10620.0012081466,57.5569572256925,7912.04651273469,842.715301261593,,20.5917460360483,1368.82455968568,7423.11529474631,447.413927691649,14898.660716471,581.687136755543,1572.09523253555,4726.76051431805,1481.4763448844,383.688434178045,22.9728557241787,4711.8154118775,335.347014464696,490.853408512667,1372.06145468861,962.424890990787,69.9999999999997,60986.5001649133,422191.80672132,0.144452116772529,79.9999999999968
82,4956.19565404875,31798.7154053885,51.7933168513529,511.058567538464,2066.58794555388,1038.83916426154,143.45331225304,4195.82911892859,845.36802759842,,498.908985290999,8898.28186571141,1023.10379716666,116178.467258307,1369.97754924198,504.714113757962,,60421.4264591052,197.143425378004,87.7104393492763,45.6506348237292,250.330726699444,4074.3889322654,2796.01991732224,140.826146537919,1316.49684380781,202.191192314337,112.189510623998,546.817965486734,5973.15925046495,34166.5257767672,,,14762.2590888133,10525.9279968214,46.7237550082318,7556.43372309286,837.443276322494,,10.6468232032995,1358.31535850174,7373.31606117998,443.208662529427,14825.5403921647,576.341514037113,1568.05620495572,4675.82109740497,1473.78338540304,377.912105038477,22.4320941030189,4694.48866511643,333.78775117433,488.313677683469,1369.9260803187,961.285732399282,70.0999999999997,62661.2912607127,421355.42600883,0.148713621310764,80.9999999999968
83,4916.14620878915,31608.8212504197,50.0408828884051,509.374829784412,2059.11089869568,1037.07202146722,143.209654154554,4191.68377664398,841.102529248887,,470.518009027283,8797.65584676797,1015.16995351168,115362.17602814,1363.11214537866,503.609543032089,,60118.6057913479,196.377448213842,87.0762062368919,43.7630188139609,249.032158716601,4047.79054429271,2791.74169929702,140.693538878319,1315.14340468857,190.453147531251,111.244069334603,544.498231271764,5949.25582214265,34098.8554408981,,,14622.3290502252,10431.8547854962,35.8905527907721,7200.82093345104,832.171251383396,,0.701900370549224,1347.8061573178,7323.51682761364,439.003397367204,14752.4200678584,570.995891318683,1564.0171773759,4624.88168049189,1466.09042592167,372.13577589891,21.8913324818566,4677.16191835536,332.228487883964,485.773946854272,1367.7907059488,960.146573807778,70.1999999999997,64336.0823565121,420519.04529634,0.152992077472197,81.9999999999968
84,4876.09676352956,31418.9270954509,48.2884489254534,507.691092030359,2051.63385183748,1035.3048786729,142.965996056068,4187.53843435936,836.837030899353,,442.12703276358,8697.02982782453,1007.2361098567,114545.884797973,1356.24674151534,502.504972306217,,59815.7851235907,195.61147104968,86.4419731245076,41.8754028041845,247.733590733758,4021.19215632003,2787.4634812718,140.560931218719,1313.78996556932,178.715102748172,110.298628045208,542.178497056795,5925.35239382036,34031.1851050291,,,14482.3990116371,10337.781574171,25.0573505733121,6845.20814380924,826.899226444298,,,1337.29695613386,7273.71759404732,434.798132204982,14679.2997435521,565.650268600254,1559.97814979608,4573.94226357881,1458.39746644031,366.359446759343,21.3505708606995,4659.83517159429,330.669224593598,483.234216025074,1365.6553315789,959.007415216274,70.2999999999997,66006.2519410803,419687.28609508,0.157274842788844,82.9999999999967
85,4836.04731826996,31229.0329404821,46.5360149625037,506.007354276306,2044.15680497928,1033.53773587858,142.722337957583,4183.39309207475,832.57153254982,,413.736056499872,8596.4038088811,999.302266201715,113729.593567806,1349.38133765203,501.400401580344,,59512.9644558334,194.845493885518,85.8077400121232,39.9877867944122,246.435022750916,3994.59376834735,2783.18526324658,140.428323559119,1312.43652645007,166.977057965089,109.353186755814,539.858762841826,5901.44896549806,33963.51476916,,,14342.4689730491,10243.7083628458,14.2241483558527,6489.59535416746,821.627201505199,,,1326.78775494993,7223.91836048099,430.59286704276,14606.1794192459,560.304645881824,1555.93912221625,4523.00284666573,1450.70450695895,360.583117619776,20.8098092395398,4642.50842483322,329.109961303233,480.694485195877,1363.51995720899,957.868256624769,70.3999999999997,67676.0705754632,418855.877844007,0.161573644194311,83.9999999999966
86,4795.99787301036,31039.1387855133,44.7835809995539,504.323616522252,2036.67975812108,1031.77059308426,142.478679859097,4179.24774979013,828.306034200286,,385.345080236161,8495.77778993765,991.368422546731,112913.302337639,1342.51593378871,500.295830854471,,59210.1437880761,194.079516721355,85.1735068997388,38.1001707846398,245.136454768073,3967.99538037466,2778.90704522136,140.295715899519,1311.08308733083,155.239013182006,108.407745466419,537.539028626856,5877.54553717576,33895.8444332909,,,14202.538934461,10149.6351515206,3.39094613839212,6133.98256452563,816.355176566101,,,1316.27855376599,7174.11912691465,426.387601880538,14533.0590949396,554.959023163395,1551.90009463643,4472.06342975265,1443.01154747758,354.806788480208,20.26904761838,4625.18167807215,327.550698012867,478.15475436668,1361.38458283909,956.729098033265,70.4999999999997,69345.8892098461,418024.469592932,0.165889545359329,84.9999999999966
87,4755.94842775076,30849.2446305445,43.031147036604,502.639878768199,2029.20271126288,1030.00345028994,142.235021760611,4175.10240750552,824.040535850752,,356.954103972449,8395.1517709942,983.434578891748,112097.011107472,1335.65052992539,499.191260128598,,58907.3231203188,193.313539557193,84.5392737873544,36.2125547748674,243.83788678523,3941.39699240198,2774.62882719614,140.163108239919,1309.72964821158,143.500968398922,107.462304177024,535.219294411887,5853.64210885346,33828.1740974219,,,14062.6088958729,10055.5619401954,,5778.3697748838,811.083151627002,,,1305.76935258205,7124.31989334832,422.182336718316,14459.9387706333,549.613400444965,1547.8610670566,4421.12401283956,1435.31858799622,349.030459340641,19.7282859972203,4607.85493131108,325.991434722501,475.615023537482,1359.24920846919,955.58993944176,70.5999999999996,71008.2655881498,417193.061341858,0.170204809638394,85.9999999999966
88,4715.89898249116,30659.3504755758,41.2787130736544,500.956141014146,2021.72566440469,1028.23630749562,141.991363662126,4170.9570652209,819.775037501219,,328.563127708741,8294.52575205078,975.500735236765,111280.719877305,1328.78512606207,498.086689402726,,58604.5024525616,192.547562393031,83.9050406749701,34.3249387650951,242.539318802388,3914.79860442929,2770.35060917092,140.030500580319,1308.37620909234,131.76292361584,106.516862887629,532.899560196918,5829.73868053117,33760.5037615528,,,13922.6788572848,9961.48872887018,,5422.75698524201,805.811126687904,,,1295.26015139811,7074.52065978199,417.977071556094,14386.818446327,544.267777726536,1543.82203947678,4370.18459592649,1427.62562851485,343.254130201074,19.1875243760606,4590.52818455001,324.432171432135,473.075292708285,1357.11383409928,954.450780850256,70.6999999999996,72667.2510203154,416361.653090785,0.174529163482956,86.9999999999965
89,4675.84953723157,30469.456320607,39.5262791107048,499.272403260094,2014.24861754649,1026.4691647013,141.74770556364,4166.81172293629,815.509539151685,,300.172151445033,8193.89973310734,967.566891581782,110464.428647138,1321.91972219875,496.982118676853,,58301.6817848043,191.781585228869,83.2708075625858,32.4373227553229,241.240750819545,3888.20021645661,2766.0723911457,139.897892920719,1307.02276997309,120.024878832758,105.571421598234,530.579825981948,5805.83525220888,33692.8334256838,,,13782.7488186967,9867.41551754497,,5067.14419560022,800.539101748806,,,1284.75095021417,7024.72142621566,413.771806393872,14313.6981220208,538.922155008106,1539.78301189695,4319.24517901341,1419.93266903349,337.477801061507,18.6467627549009,4573.20143778895,322.872908141769,470.535561879088,1354.97845972938,953.311622258752,70.7999999999996,74326.2364524808,415530.244839711,0.178870821981086,87.9999999999964
90,4635.80009197197,30279.5621656382,37.7738451477549,497.58866550604,2006.77157068829,1024.70202190698,141.504047465154,4162.66638065168,811.244040802152,,271.781175181322,8093.2737141639,959.633047926798,109648.137416971,1315.05431833544,495.87754795098,,57998.861117047,191.015608064707,82.6365744502013,30.5497067455505,239.942182836702,3861.60182848392,2761.79417312048,139.765285261119,1305.66933085384,108.286834049675,104.625980308839,528.260091766979,5781.93182388658,33625.1630898148,,,13642.8187801086,9773.34230621976,,4711.53140595839,795.267076809707,,,1274.24174903023,6974.92219264932,409.56654123165,14240.5777977145,533.576532289677,1535.74398431713,4268.30576210032,1412.23970955212,331.701471921939,18.1060011337412,4555.87469102787,321.313644851403,467.99583104989,1352.84308535948,952.172463667247,70.8999999999996,75985.2218846463,414698.836588637,0.183229889212398,88.9999999999964
91,4595.75064671237,30089.6680106694,36.021411184805,495.904927751987,1999.29452383009,1022.93487911266,141.260389366669,4158.52103836706,806.978542452618,,243.39019891761,7992.64769522045,951.699204271815,108831.846186804,1308.18891447212,494.772977225107,,57696.0404492897,190.249630900545,82.0023413378169,28.662090735778,238.64361485386,3835.00344051123,2757.51595509526,139.632677601519,1304.3158917346,96.5487892665913,103.680539019444,525.940357552009,5758.02839556428,33557.4927539457,,,13502.8887415205,9679.26909489455,,4355.91861631656,789.995051870609,,,1263.73254784629,6925.12295908299,405.361276069427,14167.4574734082,528.230909571247,1531.7049567373,4217.36634518724,1404.54675007076,325.925142782372,17.5652395125814,4538.5479442668,319.754381561037,465.456100220693,1350.70771098957,951.033305075743,70.9999999999996,77644.207316812,413867.428337563,0.187606470092841,89.9999999999964
92,4555.70120145277,29899.7738557006,34.2689772218554,494.221189997934,1991.81747697189,1021.16773631833,141.016731268183,4154.37569608245,802.713044103084,,214.999222653902,7892.02167627702,943.765360616832,108015.554956637,1301.3235106088,493.668406499234,,57393.2197815325,189.483653736383,81.3681082254326,26.7744747260058,237.345046871017,3808.40505253855,2753.23773707004,139.50006994192,1302.96245261535,84.8107444835088,102.735097730049,523.62062333704,5734.12496724198,33489.8224180767,,,13362.9587029324,9585.19588356935,,4000.30582667477,784.72302693151,,,1253.22334666236,6875.32372551666,401.156010907205,14094.3371491019,522.885286852817,1527.66592915748,4166.42692827416,1396.85379058939,320.148813642805,17.0244778914217,4521.22119750573,318.195118270671,462.916369391496,1348.57233661967,949.894146484238,71.0999999999996,79303.1927489774,413036.02008649,0.192000670383109,90.9999999999962
93,4515.65175619318,29709.8797007318,32.5165432589058,492.537452243882,1984.34043011369,1019.40059352401,140.773073169697,4150.23035379784,798.447545753551,,186.608246390194,7791.39565733358,935.83151696185,107199.26372647,1294.45810674548,492.563835773362,,57090.3991137752,188.717676572221,80.7338751130482,24.8868587162336,236.046478888174,3781.80666456587,2748.95951904482,139.36746228232,1301.6090134961,73.0726997004268,101.789656440654,521.300889122071,5710.22153891969,33422.1520822076,,,13223.0286643444,9491.12267224415,,3644.69303703299,779.451001992413,,,1242.71414547842,6825.52449195033,396.950745744983,14021.2168247956,517.539664134388,1523.62690157766,4115.48751136109,1389.16083110803,314.372484503238,16.483716270262,4503.89445074466,316.635854980305,460.376638562298,1346.43696224977,948.754987892734,71.1999999999996,80962.1781811426,412204.611835415,0.196412596697169,91.9999999999961
94,4475.60231093358,29519.985545763,30.7641092959559,490.853714489828,1976.86338325549,1017.63345072969,140.529415071212,4146.08501151322,794.182047404017,,158.217270126483,7690.76963839014,927.897673306866,106382.972496302,1287.59270288216,491.459265047489,,56787.5784460179,187.951699408059,80.0996420006638,22.9992427064611,234.747910905332,3755.20827659318,2744.6813010196,139.23485462272,1300.25557437686,61.3346549173431,100.844215151259,518.981154907101,5686.31811059739,33354.4817463385,,,13083.0986257563,9397.04946091894,,3289.08024739116,774.178977053314,,,1232.20494429448,6775.725258384,392.745480582761,13948.0965004894,512.194041415958,1519.58787399783,4064.548094448,1381.46787162666,308.59615536367,15.9429546491022,4486.56770398359,315.076591689939,457.836907733101,1344.30158787986,947.615829301229,71.2999999999996,82621.1636133084,411373.203584342,0.200842356510878,92.9999999999961
95,4435.55286567398,29330.0913907942,29.011675333006,489.169976735775,1969.38633639729,1015.86630793537,140.285756972726,4141.93966922861,789.916549054483,,129.826293862771,7590.14361944669,919.963829651882,105566.681266135,1280.72729901885,490.354694321616,,56484.7577782606,187.185722243896,79.4654088882794,21.1116266966887,233.449342922489,3728.6098886205,2740.40308299438,139.10224696312,1298.90213525761,49.5966101342595,99.8987738618646,516.661420692132,5662.4146822751,33286.8114104695,,,12943.1685871682,9302.97624959373,,2933.46745774934,768.906952114215,,,1221.69574311054,6725.92602481766,388.540215420539,13874.9761761831,506.848418697528,1515.54884641801,4013.60867753492,1373.7749121453,302.819826224103,15.4021930279425,4469.24095722252,313.517328399573,455.297176903903,1342.16621350996,946.476670709725,71.3999999999996,84280.1490454738,410541.795333268,0.205290058170709,93.9999999999961
96,4395.50342041438,29140.1972358255,27.2592413700564,487.486238981722,1961.90928953909,1014.09916514105,140.04209887424,4137.79432694399,785.65105070495,,101.435317599063,7489.51760050326,912.0299859969,104750.390035968,1273.86189515553,489.250123595743,,56181.9371105034,186.419745079734,78.8311757758951,19.2240106869164,232.150774939646,3702.01150064781,2736.12486496916,138.96963930352,1297.54869613836,37.8585653511773,98.9533325724697,514.341686477163,5638.5112539528,33219.1410746005,,,12803.2385485801,9208.90303826853,,2577.85466810754,763.634927175117,,,1211.1865419266,6676.12679125133,384.334950258317,13801.8558518768,501.502795979099,1511.50981883818,3962.66926062184,1366.08195266394,297.043497084536,14.8614314067828,4451.91421046146,311.958065109207,452.757446074706,1340.03083914006,945.337512118221,71.4999999999996,85939.1344776392,409710.387082194,0.209755810902589,94.999999999996
97,4355.45397515479,28950.3030808567,25.5068074071068,485.80250122767,1954.43224268089,1012.33202234673,139.798440775755,4133.64898465938,781.385552355416,,73.0443413353546,7388.89158155982,904.096142341917,103934.098805801,1266.99649129221,488.145552869871,,55879.1164427461,185.653767915572,78.1969426635108,17.3363946771442,230.852206956804,3675.41311267513,2731.84664694394,138.83703164392,1296.19525701912,26.1205205680954,98.0078912830749,512.021952262193,5614.60782563051,33151.4707387314,,,12663.308509992,9114.82982694333,,2222.24187846576,758.362902236019,,,1200.67734074267,6626.327557685,380.129685096095,13728.7355275705,496.15717326067,1507.47079125836,3911.72984370876,1358.38899318257,291.267167944969,14.3206697856231,4434.58746370039,310.398801818841,450.217715245509,1337.89546477015,944.198353526716,71.5999999999996,87598.1199098046,408878.97883112,0.214239724820838,95.9999999999959
98,4315.40452989518,28760.4089258879,23.7543734441569,484.118763473616,1946.95519582269,1010.56487955241,139.554782677269,4129.50364237477,777.120054005883,,44.6533650716432,7288.26556261638,896.162298686934,103117.807575634,1260.13108742889,487.040982143998,,55576.2957749888,184.88779075141,77.5627095511263,15.4487786673717,229.553638973961,3648.81472470244,2727.56842891872,138.70442398432,1294.84181789987,14.3824757850116,97.0624499936799,509.702218047224,5590.70439730821,33083.8004028623,,,12523.3784714039,9020.75661561812,,1866.62908882392,753.09087729692,,,1190.16813955873,6576.52832411867,375.924419933873,13655.6152032643,490.81155054224,1503.43176367853,3860.79042679568,1350.69603370121,285.490838805401,13.7799081644633,4417.26071693932,308.839538528475,447.677984416311,1335.76009040025,943.059194935212,71.6999999999996,89257.1053419702,408047.570580046,0.218741910937222,96.9999999999959
99,4275.35508463559,28570.514770919,22.0019394812118,482.435025719564,1939.47814896449,1008.79773675809,139.311124578783,4125.35830009015,772.854555656339,,16.2623888079772,7187.63954367292,888.228455032006,102301.516345467,1253.26568356558,485.936411418127,,55273.4751072316,184.121813587244,76.9284764387456,13.5611626575771,228.255070991115,3622.21633672975,2723.2902108935,138.57181632472,1293.48837878063,2.64443100194309,96.1170087042942,507.382483832254,5566.80096898591,33016.1300669933,,,12383.4484328158,8926.68340429289,,1511.01629918211,747.818852357809,,,1179.6589383748,6526.72909055234,371.719154771665,13582.494878958,485.465927823825,1499.39273609871,3809.8510098826,1343.00307421984,279.714509665794,13.2391465432848,4399.93397017824,307.280275238108,445.138253587115,1333.62471603035,941.920036343708,71.7999999999996,90916.0907741358,407216.162328972,0.223262481170108,97.9999999999959
100,4235.30563937599,28380.6206159503,20.2495055182574,480.75128796551,1932.00110210629,1007.03059396377,139.067466480298,4121.21295780554,768.589057306816,,,7087.0135247295,880.294611376967,101485.2251153,1246.40027970226,484.831840692252,,54970.6544394743,183.355836423086,76.2942433263576,11.6735466478271,226.956503008275,3595.61794875707,2719.01199286828,138.43920866512,1292.13493966138,,95.1715674148902,505.062749617285,5542.89754066361,32948.4597311242,,,12243.5183942277,8832.61019296771,,1155.40350954031,742.546827418724,,,1169.14973719085,6476.929856986,367.513889609428,13509.3745546517,480.120305105381,1495.35370851889,3758.91159296952,1335.31011473848,273.938180526267,12.6983849221439,4382.60722341718,305.721011947743,442.598522757917,1331.48934166044,940.780877752203,71.8999999999996,92562.1917022373,406393.091775071,0.227765170165511,98.9999999999958